POINT_X,POINT_Y,Stream,SiteLabel,County,H_SULPHURIA,SHED_AREA,SHED_URBAN,SHED_FOREST,SHED_HAYFIELD,RIPARIAN_URBAN,RIPARIAN_FOREST,LOCAL_FOREST,LOCAL_URBAN,LOCAL_HAYFIELD,STR_SLOPE,STR_ORDER,W_AREA,WGAP1DOM,WGAP1VAR,WGAP1_4,WGAP1_4p,WGAP2DOM,WGAP2VAR,WGAP2_12,WGAP2_12p,WGAP3DOM,WGAP3VAR,WGP3_1402,WGP3_1402p,WGP3_1403,WGP3_1403p,R_AREA,R_SLPAVG,R_SLPMAX,R_ASPDOM,RGAP1DOM,RGAP1VAR,RGAP1_4,RGAP1_4p,RGAP2DOM,RGAP2VAR,RGAP2_12,RGAP2_12p,RGAP3DOM,RGAP3VAR,RGP3_1402,RGP3_1402p,RGP3_1403,RGP3_1403p,L_AREA,L_SSLPAVG,L_SSLPMAX,L_SLPAVG,L_SLPMAX,L_ASPDOM,LGAP1DOM,LGAP1VAR,LGAP1_4,LGAP1_4p,LGAP2DOM,LGAP2VAR,LGAP2_12,LGAP2_12p,LGAP3DOM,LGAP3VAR,LGP3_1402,LGP3_1402p,LGP3_1403,LGP3_1403p,LW_AREA,LW_SSLPAVG,LW_SSLPMAX,LW_SLPAVG,LW_SLPMAX,LW_ASPDOM,LWGAP1DOM,LWGAP1VAR,LWGAP1_4,LWGAP1_4p,LWGAP2DOM,LWGAP2VAR,LWGAP2_12,LWGAP2_12p,LWGAP3DOM,LWGAP3VAR,LWGP31402,LWGP31402p,LWGP31403,LWGP31403p,LR_AREA,LR_SLPAVG,LR_SLPMAX,LR_ASPDOM,LRGAP1DOM,LRGAP1VAR,LRGAP1_4,LRGAP1_4p,LRGAP2DOM,LRGAP2VAR,LRGAP2_12,LRGAP2_12p,LRGAP3DOM,LRGAP3VAR,LRGP31402,LRGP31402p,LRGP31403,LRGP31403p
369556.489,4038538.512,Sulphur Springs Impoundment/Stream,SulphurImpound,Benton,0,46.94659042,3.532495737,74.06452179,21.39924812,4.532907963,73.73374176,56.37031174,12.09399414,26.03283501,0.694682062,5,46.94659042,4,5,34.77076721,74.06452179,41,9,1.65838623,3.532495737,4115,13,0.022602942,0.04814608,10.04621696,21.39924812,14.3005352,10.51686954,34.67427063,4,4,5,10.54431915,73.73374176,41,9,0.648230076,4.532907963,4115,13,0.002604454,0.018212285,3.326911211,23.26424408,0.125581041,0.694682062,6.435846806,6.43584013,25.57928467,4,1,4,0.047438275,37.77502823,41,6,0.040462058,32.21987915,4115,8,0,0,0.035439182,28.22016907,0.045377541,0.219146624,0.846102238,8.558948517,25.57928467,3,4,4,0.025579462,56.37031174,41,6,0.005487957,12.09399414,4115,6,0,0,0.01181306,26.03283501,0.018619597,4.006358624,19.50626755,4,4,4,0.012278141,65.94203949,41,4,0,0,4115,4,0,0,0.004092714,21.98067856
382557.2641,4000789.97,Wildcat Creek Trib (TS),WCT-TS,Washington,1,3.775249481,3.407495022,24.67292404,70.87244415,3.128483534,33.10250092,50.41463852,22.50144958,27.34353256,0.816728055,3,3.775249481,1,3,0.931464493,24.67292404,14,7,0.128641441,3.407495022,1403,10,0.023998186,0.635671496,2.675611734,70.87244415,1.064407349,4.581570148,23.59837914,1,1,3,0.352345467,33.10250092,14,7,0.033299807,3.128483534,1403,8,0.002232389,0.209730744,0.69845885,65.61950684,0.125581041,0.816728055,7.011976719,5.825523376,19.83998299,1,1,2,0.053670362,42.73762894,41,3,0.020277537,16.14697266,4115,4,0,0,0.051903054,41.33032608,0.032656927,0.964529455,7.011976719,7.284353256,19.83998299,4,4,2,0.016463872,50.41463852,41,3,0.007348282,22.50144958,4115,3,0,0,0.008929557,27.34353256,0.027798183,6.699692726,19.83998299,4,1,2,0.013580369,48.85343933,41,3,0.007255265,26.09978294,4115,3,0,0,0.007441298,26.76900864
387485.5995,3961016.086,Devils Den Spring,DenSpg,Washington,0,0.291791886,0,99.04367828,0,0,100,100,0,0,1.012823224,2,0.291791886,4,2,0.289001405,99.04367828,41,4,0,0,4115,4,0,0,0,0,0.099268951,8.944591522,25.82073402,4,4,1,0.102689914,100,41,2,0,0,4115,2,0,0,0,0,0.125581041,1.012823224,7.021307945,6.400484562,28.24496651,4,4,1,0.125850946,100,41,2,0,0,4115,2,0,0,0,0,0.027545415,1.219005704,3.699090242,3.546508551,12.41055202,4,4,1,0.027625818,100,41,2,0,0,4115,2,0,0,0,0,0.0237944,3.82871294,12.41055202,4,4,1,0.024184218,100,41,2,0,0,4115,2,0,0,0,0
388777.9614,4000413.835,Little Wildcat Creek,LWC,Washington,1,14.57136345,9.457785606,10.97131252,79.36024475,7.939593792,10.35442162,0,0,91.21708679,0.571624637,4,14.57136345,1,4,1.598669887,10.97131252,14,8,1.378128409,9.457785606,1403,12,0,0,11.56387043,79.36024475,4.121509075,3.286752462,20.59401321,4,1,3,0.426758438,10.35442162,14,6,0.327231079,7.939593792,1403,9,0,0,3.463552237,84.03601837,0.125581041,0.571624637,4.993450642,2.828820705,22.16695213,4,1,3,0.000930162,0.740686834,14,4,0.006883201,5.481082439,1403,4,0,0,0.113479793,90.36379242,0.048538849,0.712910354,4.993450642,2.273426533,15.74954796,3,1,2,0,0,14,2,0,0,1403,2,0,0,0.044275723,91.21708679,0.033963434,2.774863005,15.74954796,3,1,1,0,0,14,1,0,0,1403,1,0,0,0.034509018,100
392230.6896,3988319.642,Cato Springs Trib @ Southpass,CatoSpgs_Sou,Washington,0,1.209489942,0.722910106,77.58209991,20.65677261,0,64.35051727,36.94051743,0,62.83696365,0.473513216,3,1.209489942,4,4,0.938347697,77.58209991,41,8,0.008743525,0.722910106,4115,8,0,0,0.249841586,20.65677261,0.283455074,3.918637753,27.68523407,3,4,2,0.182404816,64.35051727,41,3,0,0,4115,3,0,0,0.106968656,37.73743057,0.125581041,0.473513216,1.551427603,1.677086592,7.678314686,3,1,2,0.01944039,15.48035526,14,3,0,0,1403,3,0,0,0.106410563,84.73457336,0.024424599,0.571657956,1.551427603,1.918340445,4.587391376,1,1,2,0.009022574,36.94051743,14,3,0,0,1403,3,0,0,0.015347677,62.83696365,0.01972995,2.033313751,4.587391376,1,1,2,0.007255265,36.77285385,14,3,0,0,1403,3,0,0,0.012650207,64.11676788
392307.8455,3974325.484,Spence's Stream,SpenceStream,Washington,1,1.954363942,7.624577522,80.43405914,11.48921967,3.161544561,92.82096863,43.08224106,12.90911961,44.17096329,1.338082552,3,1.954363942,4,3,1.571974158,80.43405914,41,6,0.149011984,7.624577522,4115,6,0,0,0.224541172,11.48921967,0.37659052,10.78526688,26.84307289,2,4,2,0.349554986,92.82096863,41,5,0.011906077,3.161544561,4115,5,0,0,0.022044845,5.853796959,0.125581041,1.338082552,6.503948212,12.35546017,31.11083031,1,1,2,0.030416306,24.22045898,14,4,0.033857904,26.96100044,1403,6,0,0,0.061576739,49.03347015,0.059805371,1.581552148,6.503948212,12.40801716,26.13154602,2,1,2,0.025765494,43.08224106,14,4,0.007720347,12.90911961,1403,4,0,0,0.026416607,44.17096329,0.038514316,11.75944614,24.87200546,2,1,2,0.015719742,40.81532288,14,3,0.003906681,10.14345264,1403,3,0,0,0.019626424,50.95877457
393523.0514,3998764.627,Chris Hollow Spring Stream,Chollow,Washington,1,0.571770728,6.360826492,92.07743835,0.878477335,5.16365242,96.67850494,96.28404236,3.30116725,0,0.72082901,3,0.571770728,4,3,0.526471853,92.07743835,41,6,0.036369342,6.360826492,4115,6,0,0,0.005022876,0.878477335,0.149513289,8.896446228,18.28261757,2,4,3,0.144547209,96.67850494,41,4,0.007720347,5.16365242,4115,4,0,0,0,0,0.125581041,0.72082901,2.664927006,8.866379738,24.26900482,2,4,3,0.110875338,88.28987122,41,5,0.011720045,9.332653999,4115,5,0,0,0.001023178,0.814755499,0.050718185,0.827586353,2.664927006,8.80735302,18.28261757,4,4,3,0.048833519,96.28404236,41,4,0.001674292,3.30116725,4115,4,0,0,0,0,0.026834216,10.06961155,18.28261757,4,4,2,0.027439786,100,41,3,0,0,4115,3,0,0,0,0
394178.8769,3999690.498,Clear Creek Trib 1 (unnamed),ClearCk1,Washington,0,3.191944838,24.43466568,23.10583878,52.43326569,21.78672218,28.42744637,15.58578777,0,84.42301941,0.218100011,4,3.191944838,1,3,0.737525642,23.10583878,14,6,0.779941022,24.43466568,1403,10,0,0,1.673640966,52.43326569,1.012701631,5.853095055,30.35678101,3,1,2,0.287885219,28.42744637,14,5,0.22063449,21.78672218,1403,9,0,0,0.529820442,52.31752396,0.125581041,0.218100011,0.886604786,2.884293795,14.88152027,3,1,2,0.022695959,18.07275963,14,4,0.027625818,21.99839973,1403,5,0,0,0.075529173,60.14377213,0.021484856,0.27397725,0.632070303,6.244569778,14.88152027,4,1,2,0.003348584,15.58578777,14,3,0,0,1403,3,0,0,0.018138165,84.42301941,0.015226386,5.828233242,14.52403069,4,1,2,0.001581276,10.38510227,14,3,0,0,1403,3,0,0,0.014138466,92.85503387
394439.2782,3990605.387,Mullins Creek @ Hill Place,MullinsCk,Washington,0,2.52120471,74.96772003,24.83674622,0,91.43299866,11.28264046,47.27664948,52.97835541,0,0.682579041,3,2.52120471,1,3,0.626185238,24.83674622,12,5,1.890089631,74.96772003,1202,9,0,0,0,0,0.682618856,2.878639221,19.06193161,3,1,3,0.077017434,11.28264046,12,4,0.624138892,91.43299866,1202,7,0,0,0,0,0.125581041,0.682579041,5.742067814,3.650771379,20.40871811,2,1,2,0.061204676,48.73719406,12,3,0.064646274,51.47773361,4115,5,0,0,0,0,0.039153006,0.988036096,5.742067814,6.277233601,20.40871811,2,1,2,0.018510228,47.27664948,12,2,0.020742618,52.97835541,4115,4,0,0,0,0,0.020564152,5.829426289,18.60977364,2,4,2,0.013022271,63.32510757,41,2,0.008185428,39.80435181,4115,3,0,0,0,0
394892.5693,3991087.611,Spout Spring Stream,SpoutSpg,Washington,0,1.363245845,96.61571503,3.384279251,0,100,1.448530674,14.27096081,86.01146698,0,0.309067577,2,1.363245845,1,2,0.046136048,3.384279251,12,3,1.317109704,96.61571503,1202,6,0,0,0,0,0.301806688,4.454292774,16.04821968,4,1,2,0.004371763,1.448530674,12,3,0.306488454,100,1202,6,0,0,0,0,0.125581041,0.309067577,1.381088972,5.181744576,15.42712116,2,1,2,0.011534012,9.184516907,12,3,0.11431694,91.03041077,1201,5,0,0,0,0,0.048232216,0.258669674,1.381088972,7.240312576,15.42712116,2,1,2,0.006883201,14.27096081,12,3,0.041485235,86.01146698,1201,4,0,0,0,0,0.020466501,4.895989895,10.13255501,4,1,2,9.30162E-05,0.45448035,12,2,0.0212077,100,1201,3,0,0,0,0
394969.7252,3992669.308,Skull Creek at Wilson Park,SkullCk,Washington,0,1.868975043,86.92579651,12.98462105,0.089583434,95.66304016,7.151142597,7.686689377,92.50532532,0,0.490049243,3,1.868975043,1,2,0.242679328,12.98462105,12,5,1.624621391,86.92579651,1201,8,0,0,0.001674292,0.089583434,0.492972255,4.351903915,20.16624641,4,1,2,0.035253149,7.151142597,12,4,0.471592247,95.66304016,1201,7,0,0,0,0,0.125581041,0.490049243,1.698450208,4.459403038,11.85581875,1,1,2,0.011999093,9.554860115,12,3,0.11385186,90.66007233,1201,5,0,0,0,0,0.035092749,0.501309693,0.754655182,4.821562767,10.63058662,3,1,2,0.002697471,7.686689377,12,2,0.032462664,92.50532532,1201,3,0,0,0,0,0.016370445,3.434183121,10.62250423,4,1,2,0.000837146,5.113764286,12,2,0.016184824,98.86611176,1201,3,0,0,0,0
397294.0478,3994675.362,Mission Rd. Stream (unnamed),MissionNio_up,Washington,0,2.090167522,74.67402649,25.2458725,0.040051624,83.12593079,19.40691185,0,100,0,0.474066377,3,2.090167522,1,3,0.527681053,25.2458725,12,6,1.560812235,74.67402649,1201,8,0,0,0.000837146,0.040051624,0.456767499,3.46531105,13.65788841,1,1,2,0.08864446,19.40691185,12,3,0.379692227,83.12593079,1201,5,0,0,0,0,0.125581041,0.474066377,1.648768544,2.667195082,7.994934082,3,1,2,0.007441298,5.925494671,12,3,0.118409656,94.28943634,1202,4,0,0,0,0,0.041045737,0.528030813,1.648768544,2.4080441,5.900777817,2,1,1,0,0,12,1,0.041206188,100,1202,2,0,0,0,0,0.03014561,2.131369114,5.900777817,2,1,1,0,0,12,1,0.030695355,100,1202,2,0,0,0,0
398036.6736,3995244.387,Gulley Park Stream (Niokaska Creek),GulleyNiokask,Washington,0,3.182643175,76.59574127,23.11491585,0.052606966,85.02291107,16.38839912,0,100,0,0.560432136,3,3.182643175,1,4,0.735665321,23.11491585,12,7,2.437769175,76.59574127,1201,10,0,0,0.001674292,0.052606966,0.718548179,3.078790903,13.65788841,1,1,3,0.117758542,16.38839912,12,5,0.610930562,85.02291107,1201,8,0,0,0.000837146,0.116505206,0.125581041,0.560432136,2.242147207,2.294793129,5.141649246,1,1,2,0.0034416,2.74054122,12,3,0.122409351,97.47438812,1201,4,0,0,0,0,0.021393139,0.378708363,0.808747292,2.240213633,4.83642292,1,1,1,0,0,12,1,0.021486748,100,1201,2,0,0,0,0,0.013775375,1.660050869,3.389079332,1,1,1,0,0,12,1,0.013952434,100,1201,1,0,0,0,0
400573.1751,3996999.685,Mud Creek Trib 1,MudTrib1,Washington,0,3.882683277,10.08816051,28.34075928,61.26683044,9.418719292,31.32726669,29.12263298,25.54198074,45.35491943,0.500456274,3,3.882683277,1,3,1.10038197,28.34075928,14,6,0.391691327,10.08816051,1403,9,0,0,2.378796816,61.26683044,0.951027632,3.231460094,9.96415329,4,1,3,0.297930956,31.32726669,14,6,0.089574628,9.418719292,1403,8,0,0,0.58414191,61.42218018,0.125581041,0.500456274,1.972687006,3.848417521,9.020712852,4,4,3,0.070506297,56.14406204,41,6,0.013580369,10.81402779,4115,6,0,0,0.040927138,32.59022141,0.038966186,0.410400569,1.175616026,4.323150158,8.479576111,4,1,2,0.011347979,29.12263298,14,3,0.009952736,25.54198074,1403,3,0,0,0.017673083,45.35491943,0.018554941,4.090210915,8.479576111,4,1,2,0.006883201,37.09632111,41,3,0.006046054,32.58460617,4115,3,0,0,0.006232087,33.58721161
400341.7072,3997751.955,Mud Creek Trib 2,MudTrib2,Washington,0,2.207181931,5.950524807,19.45720482,74.22985077,6.377911091,21.78560066,65.95171356,0,34.40959167,0.509957075,3,2.207181931,1,5,0.429455906,19.45720482,14,8,0.131338909,5.950524807,1403,9,0,0,1.638387799,74.22985077,0.554196596,3.430956602,10.30449486,4,1,4,0.120735057,21.78560066,14,7,0.035346165,6.377911091,1403,7,0,0,0.407504082,73.5306015,0.125581041,0.509957075,3.050311565,3.019751787,13.27452183,4,1,3,0.045112871,35.92331314,14,6,0.010789882,8.591967583,1403,6,0,0,0.069111057,55.03303146,0.029194629,0.349301189,0.906043828,2.510480165,6.850087643,1,4,2,0.019254358,65.95171356,41,3,0,0,4115,3,0,0,0.010045752,34.40959167,0.015924402,1.891478419,5.187692165,1,4,2,0.01060385,66.58868408,41,2,0,0,4115,2,0,0,0.005767006,36.21489716
400100.5949,3995909.857,Skillern Spring Seep,Skillern,Washington,0,0.20156616,7.014305592,48.13105774,44.85463715,14.55521297,89.01072693,65.63048553,13.12609768,21.35439682,0.857275009,1,0.20156616,1,2,0.097015925,48.13105774,14,5,0.014138466,7.014305592,1403,5,0,0,0.090411767,44.85463715,0.033231005,3.825777292,7.681673527,3,4,2,0.029579159,89.01072693,41,3,0.004836844,14.55521297,4115,3,0,0,0,0,0.125581041,0.857275009,1.835106492,3.921266556,8.434405327,3,1,2,0.037020456,29.47933578,12,4,0.073575832,58.58832932,1201,6,0,0,0.015254661,12.14726448,0.047478598,0.945483267,1.780680656,3.864557028,7.681673527,3,4,2,0.031160435,65.63048553,41,4,0.006232087,13.12609768,4115,4,0,0,0.010138769,21.35439682,0.020301173,4.586419582,7.681673527,3,4,2,0.016370855,80.63995361,41,3,0.004836844,23.82543945,4115,3,0,0,0,0
401007.1772,3996179.903,Mud Creek Trib 3 (unnamed),MudTrib3,Washington,1,2.713655233,10.84870148,30.41064072,58.30534363,8.879900932,33.28548813,62.07862091,13.73420811,24.35532951,1.089204311,3,2.713655233,1,3,0.825239956,30.41064072,14,6,0.294396341,10.84870148,1403,9,0,0,1.582206011,58.30534363,0.657824755,3.206534147,9.96415329,4,1,3,0.218960196,33.28548813,14,6,0.058414187,8.879900932,1403,8,0,0,0.394574821,59.9817543,0.125581041,1.089204311,3.620275974,4.55353117,9.504134178,4,4,2,0.082784437,65.92112732,41,4,0.019998489,15.92476749,4115,4,0,0,0.023068024,18.36903381,0.05079446,0.913488746,3.620275974,4.46390295,9.164642334,4,4,2,0.0315325,62.07862091,41,3,0.006976217,13.73420811,4115,3,0,0,0.012371158,24.35532951,0.031478241,4.683813572,9.164642334,4,4,2,0.022323893,70.91849518,41,3,0.006976217,22.16202927,4115,3,0,0,0.002604454,8.273823738
414162.2642,4017542.453,Little Clifty Stream,Little Clifty,Benton,0,6.040287495,2.60556221,96.90319824,0,2.042461872,100,97.52542877,2.790870905,0,1.079339623,3,6.040287495,4,3,5.853231907,96.90319824,41,5,0.157383457,2.60556221,4115,7,0,0,0,0,1.889961123,13.05092812,33.02453232,3,4,3,1.890554786,100,41,5,0.038601734,2.042461872,4115,7,0,0,0,0,0.125581041,1.079339623,10.81751442,14.10328674,38.04946899,4,4,3,0.123339511,98.21507263,41,4,0.001674292,1.333236337,4115,5,0,0,0,0,0.059991743,1.548617721,10.81751442,12.90109062,30.90511703,3,4,2,0.058507204,97.52542877,41,3,0.001674292,2.790870905,4115,3,0,0,0,0,0.04061738,12.76310635,30.78001595,3,4,2,0.041299205,100,41,2,0.000279049,0.687017918,4115,2,0,0,0,0
415444.9816,4015613.554,Hobbs Spring 3,Hobbs3,Benton,1,0.161011085,7.10571909,92.89427948,0,0,100,100,0,0,0.825234234,1,0.161011085,4,2,0.149570093,92.89427948,41,3,0.011440996,7.10571909,4115,5,0,0,0,0,0.035635941,12.88308239,25.61937332,4,4,1,0.036741409,100,41,2,0,0,4115,2,0,0,0,0,0.125581041,0.825234234,5.975985527,10.85500908,27.54026794,2,4,2,0.122781418,97.7706604,41,3,0.003069535,2.444266558,4115,3,0,0,0,0,0.043837968,0.893010497,5.975985527,10.82219219,21.29952431,4,4,1,0.043903656,100,41,2,0,0,4115,2,0,0,0,0,0.018540826,12.99707413,21.23727989,4,4,1,0.01944039,100,41,2,0,0,4115,2,0,0,0,0
415686.0939,4015594.265,Hobbs Spring 4,Hobbs4,Benton,0,0.05004273,0,100,0,0,97.87410736,99.95096588,0,0,1.455993772,1,0.05004273,4,1,0.05004273,100,43,2,0,0,4328,2,0,0,0,0,0.003041171,9.248716354,14.46842194,2,4,1,0.002976519,97.87410736,41,2,0,0,4115,2,0,0,0,0,0.125581041,1.455993772,4.227210999,9.589550972,26.25712967,4,4,1,0.125850946,100,41,2,0,0,4115,2,0,0,0,0,0.035921875,1.626124859,1.626124859,9.598291397,22.71345139,4,4,1,0.035904262,99.95096588,43,2,0,0,4328,2,0,0,0,0,0.003041171,9.248716354,14.46842194,2,4,1,0.002976519,97.87410736,41,2,0,0,4115,2,0,0,0,0
415792.1833,4017918.588,HOBBS SP-CA Pigeon Roost,HobbsPR,Benton,1,1.249673009,0.10420543,99.69482422,0,0,100,98.67490387,0,0,0.814772427,3,1.249673009,4,4,1.245859265,99.69482422,41,6,0.001302227,0.10420543,4115,7,0,0,0,0,0.401262701,13.63593769,30.35491753,4,4,3,0.410387576,100,41,5,0,0,4115,5,0,0,0,0,0.125581041,0.814772427,5.289703369,13.71630287,30.35491753,1,4,4,0.111712486,88.95648956,41,6,0,0,4115,6,0,0,0,0,0.054956689,1.347094774,5.289703369,14.39795494,30.35491753,2,4,2,0.054228459,98.67490387,41,2,0,0,4115,2,0,0,0,0,0.02643935,15.09650326,30.35491753,1,4,2,0.02585851,97.80312347,41,2,0,0,4115,2,0,0,0,0
415946.4952,4015738.933,Hobbs Spring 2,Hobbs2,Benton,1,0.058693238,0,100,0,0,100,100,0,0,0.788267314,1,0.058693238,4,1,0.058693238,100,43,2,0,0,4328,2,0,0,0,0,0.011378622,8.933379173,20.07584953,3,4,1,0.011720045,100,41,2,0,0,4115,2,0,0,0,0,0.125581041,0.788267314,4.508575439,7.680480003,20.25736427,2,4,1,0.125850946,100,41,3,0,0,4115,3,0,0,0,0,0.032720715,1.843627214,4.508575439,7.126764297,20.07584953,2,4,1,0.032834727,100,41,2,0,0,4115,2,0,0,0,0,0.011378622,8.933379173,20.07584953,3,4,1,0.011720045,100,41,2,0,0,4115,2,0,0,0,0
416042.9401,4015845.022,Hobbs Spring 1,Hobbs1,Benton,1,0.127804294,3.930130959,96.06987,0,0,100,100,0,0,0.935156167,1,0.127804294,4,2,0.122781418,96.06987,41,3,0.005022876,3.930130959,4115,4,0,0,0,0,0.03802928,9.877020836,21.60205269,2,4,1,0.038601734,100,41,2,0,0,4115,2,0,0,0,0,0.125581041,0.935156167,4.508575439,8.643066406,21.60205269,2,4,1,0.125850946,100,41,3,0,0,4115,3,0,0,0,0,0.034949608,0.907947183,4.170738697,10.30197811,21.60205269,2,4,1,0.034974102,100,41,2,0,0,4115,2,0,0,0,0,0.018563407,13.12827969,21.60205269,2,4,1,0.01897531,100,41,2,0,0,4115,2,0,0,0,0
424549.382,3997182.93,Glade Site 2 (Upstream Glade @ hwy 45),Glade2,Madison,0,16.96346283,3.9441576,32.37466431,63.26005554,4.104748726,34.75234604,17.90100479,16.28697968,66.02829742,0.549293518,4,16.96346283,1,3,5.491863728,32.37466431,14,6,0.669065714,3.9441576,1403,10,0.03767157,0.222074762,10.73109627,63.26005554,4.144630432,7.018167019,27.08241081,1,1,3,1.440356255,34.75234604,14,6,0.170126677,4.104748726,1403,9,0,0,2.627987385,63.40703964,0.125581041,0.549293518,4.05537653,5.511940002,19.32561874,4,1,2,0.022509927,17.92462158,14,4,0.011534012,9.184516907,1403,5,0,0,0.091807015,73.10578918,0.063392974,0.190043017,0.854893267,5.914927006,19.32561874,4,1,2,0.011347979,17.90100479,14,4,0.010324801,16.28697968,1403,5,0,0,0.041857302,66.02829742,0.03293271,6.826024055,19.32561874,2,1,2,0.010045752,30.50387383,14,4,0.005953039,18.07637024,1403,4,0,0,0.017673083,53.66422272
425590.9871,3997800.178,Glade Creek Site 3,Glade3,Madison,1,2.747141123,4.198550701,34.89876175,60.57764053,5.300231457,15.30562973,52.12714386,13.32281876,34.66519547,0.618442535,3,2.747141123,1,3,0.95871824,34.89876175,14,6,0.115340121,4.198550701,1403,9,0,0,1.664153218,60.57764053,0.672144473,6.481258869,19.05535889,1,1,2,0.102875948,15.30562973,14,5,0.035625216,5.300231457,1403,7,0,0,0.547121406,81.39938354,0.125581041,0.618442535,1.459904552,9.742215157,23.92508698,2,4,2,0.079621889,63.40279388,41,5,0.01404545,11.18437099,4115,5,0,0,0.032183614,25.62776375,0.071911745,0.721355021,1.272076964,8.230569839,18.6586647,3,4,2,0.03748554,52.12714386,41,5,0.009580671,13.32281876,4115,5,0,0,0.024928348,34.66519547,0.034203086,7.166665554,16.78243828,2,4,2,0.018045148,52.75882721,41,5,0.009394638,27.46722603,4115,5,0,0,0.007255265,21.2123127
425446.3197,3998118.446,Glad Creek @ hwy 45,GladHwy45,Madison,1,21.70254517,5.014143944,28.73864174,65.87133789,6.616825104,28.86731911,18.03755951,43.16130447,39.08137894,0.208949387,4,21.70254517,1,3,6.237016678,28.73864174,14,6,1.088196754,5.014143944,1403,10,0.03767157,0.173581347,14.29575634,65.87133789,5.406526566,6.521576405,27.08241081,2,1,3,1.560719252,28.86731911,14,6,0.357740402,6.616825104,1403,9,0,0,3.611354828,66.79621124,0.125581041,0.208949387,1.101353884,8.682952881,22.98039627,2,1,2,0.033671875,26.8128643,14,3,0.040741105,32.44208527,1403,4,0,0,0.051437974,40.95998383,0.043317184,0.20927,0.631906688,8.678996086,22.98039627,1,1,2,0.007813362,18.03755951,12,3,0.018696262,43.16130447,1403,4,0,0,0.016928952,39.08137894,0.019948781,9.475813866,22.91595268,1,1,2,0.002976519,14.92080784,12,3,0.013673385,68.54245758,1201,4,0,0,0.0034416,17.25218391
436122.7722,4006576.665,Madison Co. Stream 2 (seep),MadCo2,Madison,1,2.191276312,8.32413578,70.99498749,17.96417236,1.416004896,84.04716492,96.33357239,3.84764266,0,1.556989431,3,2.191276312,4,3,1.555696368,70.99498749,41,6,0.182404816,8.32413578,4115,8,0,0,0.393644661,17.96417236,0.702874422,16.66521454,34.91426468,2,4,3,0.590746045,84.04716492,41,6,0.009952736,1.416004896,4115,7,0,0,0.091807015,13.06165218,0.125581041,1.556989431,6.144862652,14.22316933,34.18236923,1,4,3,0.119432829,95.10418701,41,5,0.005022876,3.999708891,4115,6,0,0,0,0,0.065272123,1.51714325,5.709489822,13.73556042,33.48233795,1,4,2,0.062878966,96.33357239,41,4,0.002511438,3.84764266,4115,4,0,0,0,0,0.040451318,13.83909798,33.48233795,1,4,2,0.041206188,100,41,4,9.30162E-05,0.229946092,4115,4,0,0,0,0
438234.916,4022393.632,Winona Spring,Winona,Carroll,1,1.613087416,2.196978331,88.63452911,8.712950706,5.391404152,90.07479858,78.67578125,8.392083168,12.76295948,0.936188579,2,1.613087416,4,3,1.42975235,88.63452911,41,6,0.035439182,2.196978331,4115,7,0,0,0.140547514,8.712950706,0.4123393,12.64209843,33.43123245,1,4,3,0.371413797,90.07479858,41,6,0.022230878,5.391404152,4115,6,0,0,0.026509624,6.429080009,0.125581041,0.936188579,3.787534714,11.65665627,23.09689522,4,4,3,0.103992142,82.80879211,41,5,0.012836239,10.22147846,4115,5,0,0,0.007906379,6.295838356,0.053202271,0.759012222,1.433633089,13.33806324,23.09689522,2,4,3,0.041857302,78.67578125,41,4,0.004464779,8.392083168,4115,4,0,0,0.006790184,12.76295948,0.021633759,10.50474834,23.09689522,4,4,2,0.01404545,64.92375946,41,3,0.003813665,17.62830544,4115,3,0,0,0.004371763,20.2080574
439392.2551,4015594.265,Rockhouse Stream (unnamed),Rhouse_stream,Madison,1,0.973879874,4.584527016,85.68289948,9.522444725,8.470980644,86.81502533,61.49964523,10.86318493,27.85881424,1.161469936,2,0.973879874,4,3,0.834448576,85.68289948,41,6,0.044647787,4.584527016,4115,7,0,0,0.092737176,9.522444725,0.185571685,11.57475853,27.70065308,2,4,2,0.161104098,86.81502533,41,5,0.015719742,8.470980644,4115,6,0,0,0.012464174,6.716635704,0.125581041,1.161469936,3.354452372,7.38958025,18.34463501,2,4,2,0.066692635,53.1072464,41,5,0.009673688,7.70314312,4115,6,0,0,0.049484633,39.40454102,0.053087614,1.406889796,3.354452372,8.191474915,18.34463501,2,4,2,0.032648694,61.49964523,41,3,0.005767006,10.86318493,4115,4,0,0,0.014789579,27.85881424,0.032951616,7.622484684,18.34463501,3,4,2,0.018324196,55.6094017,41,3,0.004557795,13.83178043,4115,4,0,0,0.010882898,33.02690506
440009.5025,4014215.103,Madison Co. Stream 1 (unnamed),MadCo1,Madison,1,5.940295219,1.717739463,96.89961243,1.067911029,3.696853876,96.42871094,97.3028183,2.800081015,0,0.819950759,4,5.940295219,4,3,5.756123066,96.89961243,41,6,0.102038801,1.717739463,4115,7,0,0,0.063437067,1.067911029,1.587653756,16.17187309,38.44205475,2,4,3,1.530954003,96.42871094,41,6,0.058693238,3.696853876,4115,7,0,0,0.032183614,2.027117968,0.125581041,0.819950759,4.402901173,11.10127068,31.3773613,2,4,2,0.11375884,90.58599854,41,5,0.008185428,6.518043995,4115,5,0,0,0.003906681,3.110884666,0.039862942,0.08033938,0.166046888,13.72253513,31.3773613,1,4,2,0.038787767,97.3028183,41,2,0.001116195,2.800081015,4115,2,0,0,0,0,0.018455746,8.625695229,28.06233025,1,4,2,0.017859114,96.7672348,41,2,0.000930162,5.039960384,4115,2,0,0,0,0
440067.3695,4015198.841,Rockhouse Pool,RhousePool,Madison,1,41.29520416,2.219133854,84.14891815,12.91724205,1.30484426,88.47171021,20.50764465,14.99298477,64.62493134,0.162040919,5,41.29520416,4,4,34.74946594,84.14891815,41,8,0.916395843,2.219133854,4115,11,0,0,5.334201336,12.91724205,10.79259586,14.5138092,44.37387848,2,4,4,9.548394203,88.47171021,41,8,0.140826568,1.30484426,4115,10,0,0,1.265950799,11.72980881,0.125581041,0.162040919,0.374012738,5.869639874,20.66143227,1,1,2,0.028276931,22.51688004,14,3,0.014882596,11.85098934,1403,4,0,0,0.082691424,65.84706116,0.053974655,0.108528361,0.23597756,6.51015377,20.66143227,1,1,2,0.011068931,20.50764465,14,3,0.008092412,14.99298477,1403,4,0,0,0.034881085,64.62493134,0.020695608,5.409562111,20.66143227,1,1,1,0,0,14,2,0.000837146,4.045042038,1403,2,0,0,0.020370552,98.42935181
443423.6527,4021207.36,Carrol Co. Stream 2 (unnamed),Carrol_2,Carroll,1,3.504293203,1.608536363,66.95333862,30.82231903,4.749309063,80.37201691,76.39321136,23.70823669,0,1.068466425,3,3.504293203,4,3,2.346241236,66.95333862,41,6,0.056367833,1.608536363,4115,8,0,0,1.080104351,30.82231903,0.787325501,15.63228893,42.90402222,4,4,3,0.632789373,80.37201691,41,6,0.037392523,4.749309063,4115,7,0,0,0.125385866,15.92554379,0.125581041,1.068466425,4.030304909,13.7022438,26.88853836,2,4,3,0.104643255,83.32727051,41,4,0.020370552,16.22104263,4115,4,0,0,0,0,0.045903448,0.522413194,1.618878722,14.70620346,26.88853836,2,4,2,0.035067115,76.39321136,41,2,0.010882898,23.70823669,4115,2,0,0,0,0,0.021122774,12.37387466,26.88853836,4,4,2,0.011906077,56.36606598,41,2,0.009766703,46.23778915,4115,2,0,0,0,0
451910.8056,4035828.409,Indian Creek Trib (Urbanette),Indian_Urbanet,Carroll,1,9.221628189,5.356062412,24.52289772,69.62275696,2.416666031,26.84993553,24.22508049,1.603130341,74.27837372,0.652773976,4,9.221628189,1,4,2.261410475,24.52289772,14,8,0.493916154,5.356062412,1403,10,0,0,6.420351982,69.62275696,2.163108826,5.313932896,20.94516563,4,1,4,0.580793321,26.84993553,14,8,0.052275117,2.416666031,1403,10,0,0,1.550022364,71.6571579,0.125581041,0.652773976,2.590396643,6.82906723,19.13669014,2,1,3,0.030230273,24.07232285,14,6,0.011068931,8.814173698,1403,7,0,0,0.082877457,65.99520111,0.052219462,0.30035615,0.58374387,7.35147953,19.13669014,1,1,2,0.012650207,24.22508049,14,5,0.000837146,1.603130341,1403,6,0,0,0.038787767,74.27837372,0.019926446,6.446590424,19.13669014,1,1,2,0.000186032,0.933595777,14,2,0,0,1403,2,0,0,0.019905472,99.89474487
461584.231,3979089.863,Beach Creek,BeachCk,Newton,1,46.71284103,0.765828848,92.4779129,6.571273327,0.151127741,98.37908936,100,0,0,3.848599911,5,46.71284103,4,4,43.19905853,92.4779129,41,7,0.357740402,0.765828848,4115,8,0,0,3.069628477,6.571273327,11.01710701,16.09169388,66.07198334,1,4,4,10.83852959,98.37908936,41,7,0.016649904,0.151127741,4115,7,0,0,0.398016423,3.612712622,0.125581041,3.848599911,17.26450348,16.07635117,50.28894424,4,4,1,0.125850946,100,41,2,0,0,4115,2,0,0,0,0,0.052503236,4.183404446,17.26450348,18.05128098,50.28894424,1,4,1,0.052554168,100,41,2,0,0,4115,2,0,0,0,0,0.023631789,20.36164856,50.28894424,1,4,1,0.023998186,100,41,1,0,0,4115,1,0,0,0,0
463976.065,3982957.305,Whitley Branch,Whitley,Newton,0,13.57841587,2.305810928,76.16711426,21.19345856,0.759239614,85.8028717,55.91212845,11.31554985,19.08112335,0.22751011,4,13.57841587,4,5,10.34228802,76.16711426,41,8,0.313092619,2.305810928,4115,10,0,0,2.877735853,21.19345856,3.173069715,16.81200218,56.79050064,2,4,5,2.722584963,85.8028717,41,8,0.024091203,0.759239614,4115,10,0,0,0.492148846,15.51018047,0.125581041,0.22751011,1.387117147,5.777228355,30.09557152,2,1,4,0.056553863,45.03376007,41,7,0.030416306,24.22045898,4115,9,0,0,0.032834727,26.14624596,0.041923083,0.18362394,0.823567808,8.365176201,26.71240234,2,4,3,0.023440089,55.91212845,41,6,0.004743828,11.31554985,4115,6,0,0,0.007999395,19.08112335,0.023371778,7.74912405,26.71240234,2,4,3,0.014696564,62.88166428,41,4,0.004464779,19.10329056,4115,4,0,0,0.002418422,10.3476162
464043.5765,3977913.235,Boxley Spring 1,BoxleySpg1,Newton,0,0.243144408,0.038255546,99.6174469,0.344299942,0.182021126,99.74757385,96.78879547,0.342009872,3.07808876,1.211721063,2,0.243144408,4,2,0.242214248,99.6174469,41,5,9.30162E-05,0.038255546,4115,5,0,0,0.000837146,0.344299942,0.051101886,16.6882,29.52944565,4,4,2,0.05097289,99.74757385,41,5,9.30162E-05,0.182021126,4115,5,0,0,0.000837146,1.638190031,0.125581041,1.211721063,3.540409565,10.625947,33.50986862,4,1,2,0.057763074,45.99665451,14,5,0.009952736,7.925349236,1403,5,0,0,0.058135141,46.29292679,0.027196942,2.029144049,3.540409565,16.37226105,29.52944565,4,4,2,0.026323592,96.78879547,41,5,9.30162E-05,0.342009872,4115,5,0,0,0.000837146,3.07808876,0.019210532,17.10007477,29.52944565,4,4,2,0.018510228,96.35458374,41,5,9.30162E-05,0.484193891,4115,5,0,0,0.000837146,4.357745171
464757.2688,3977913.235,Sherfield Cave Stream,Sherfield,Newton,1,0.263049871,2.864215136,96.81754303,0,11.96034336,88.00670624,84.80495453,12.80611706,0,3.747508287,2,0.263049871,4,3,0.254678428,96.81754303,41,5,0.007534314,2.864215136,4115,5,0,0,0,0,0.052106254,17.1782341,35.61192322,1,4,3,0.045856997,88.00670624,41,5,0.006232087,11.96034336,4115,5,0,0,0,0,0.125581041,3.747508287,13.70030212,15.97725105,43.0842514,1,4,3,0.110875338,88.28987122,41,6,0.006139071,4.888533115,4115,6,0,0,0.003906681,3.110884666,0.032685395,6.684764862,13.70030212,20.36381721,35.61192322,1,4,3,0.027718835,84.80495453,41,5,0.00418573,12.80611706,4115,5,0,0,0,0,0.028056642,20.07374954,35.61192322,1,4,3,0.023812154,84.87171936,41,5,0.003906681,13.92426586,4115,5,0,0,0,0
466338.9655,3947494.508,Little Piney Creek,LPiney,Johnson,0,46.43741989,1.967190146,94.13989258,3.630518436,0.707950711,99.30854034,99.44577789,0,0,0.36720714,5,46.43741989,4,5,43.71613693,94.13989258,41,8,0.913512349,1.967190146,4115,10,0,0,1.685919046,3.630518436,11.08914661,16.31931496,53.10919571,2,4,5,11.01247025,99.30854034,41,8,0.078505695,0.707950711,4115,10,0,0,0.225192279,2.030744791,0.125581041,0.36720714,1.174698114,6.450617313,25.38351631,2,4,2,0.11999093,95.54859924,41,4,0,0,4115,4,0,0,0,0,0.047889721,0.371991813,1.174698114,6.854836464,24.47119522,2,4,2,0.047624309,99.44577789,41,4,0,0,4115,4,0,0,0,0,0.027850116,6.581356049,23.83746147,2,4,2,0.0280909,100,41,4,0,0,4115,4,0,0,0,0
468123.1965,3986361.81,Leatherwood Creek,Leatherwood,Newton,1,4.605977535,0.680560589,95.43398285,3.431075573,1.427485585,100,87.66744995,8.996441841,0,0.797482431,3,4.605977535,4,4,4.395667553,95.43398285,41,7,0.031346466,0.680560589,4115,8,0,0,0.158034563,3.431075573,0.990445495,19.86148071,68.01934814,4,4,4,0.99620378,100,41,6,0.014138466,1.427485585,4115,6,0,0,0,0,0.125581041,0.797482431,2.853806019,11.87229347,52.04711151,4,4,4,0.087528266,69.69863129,41,7,0.017766099,14.14711857,4115,9,0,0,0.001581276,1.259167671,0.048594352,1.23799777,2.853806019,16.00222397,31.60428619,4,4,4,0.042601433,87.66744995,41,6,0.004371763,8.996441841,4115,6,0,0,0,0,0.033706717,14.28895473,30.21040726,4,4,4,0.028928045,85.82279205,41,6,0.004371763,12.97000408,4115,6,0,0,0,0
469608.4482,3988049.597,Steel Creek,SteelCk,Newton,0,8.712364197,3.865905285,91.56462097,4.084770203,3.251894712,95.69634247,95.41123199,0,4.72332859,1.384945512,4,8.712364197,4,4,7.977443695,91.56462097,41,7,0.336811751,3.865905285,4115,8,0,0,0.355880082,4.084770203,2.339782715,19.59814644,49.50826263,4,4,3,2.239086628,95.69634247,41,6,0.076087274,3.251894712,4115,7,0,0,0.072831705,3.11275506,0.125581041,1.384945512,8.669632912,19.75988388,60.60976028,2,4,2,0.097853065,77.92025757,41,5,0.008092412,6.443975449,4115,5,0,0,0.019905472,15.85069847,0.05907882,2.169371605,8.669632912,20.23222733,38.55901718,2,4,2,0.056367833,95.41123199,41,3,0,0,4115,3,0,0,0.002790487,4.72332859,0.031869017,18.15592766,37.17153549,4,4,2,0.029858207,93.69039917,41,3,0,0,4115,3,0,0,0.002790487,8.756112099
470042.4504,3991511.969,Sneeds Creek Site 4,Sneeds4,Newton,0,3.848732233,2.407134533,94.35918427,2.972666025,0,91.45652771,100,0,0,2.381648302,3,3.848732233,4,3,3.631632566,94.35918427,41,6,0.092644162,2.407134533,4115,7,0,0,0.114409953,2.972666025,0.771943986,26.08781433,51.31890488,1,4,2,0.705993116,91.45652771,41,4,0,0,4115,4,0,0,0.082598411,10.70005226,0.125581041,2.381648302,12.39911747,17.5148468,36.75851822,2,4,1,0.125850946,100,41,3,0,0,4115,3,0,0,0,0,0.035226125,0.754072905,1.25619483,19.82741165,36.75851822,2,4,1,0.035253149,100,41,2,0,0,4115,2,0,0,0,0,0.01811398,13.90532875,36.75851822,2,4,1,0.018417213,100,41,2,0,0,4115,2,0,0,0,0
469974.939,3991791.659,Sneeds Creek Site 3,Sneeds3,Newton,1,2.942475319,0,85.28165436,14.6677618,0,91.69712067,100,0,0,1.324054241,3,2.942475319,4,3,2.509391785,85.28165436,41,5,0,0,4115,5,0,0,0.431595296,14.6677618,0.600110412,24.14274788,46.12287521,4,4,3,0.550283968,91.69712067,41,5,0,0,4115,5,0,0,0.063716114,10.61739826,0.125581041,1.324054241,6.240013123,19.11919594,42.46150589,3,4,1,0.125850946,100,41,3,0,0,4115,3,0,0,0,0,0.045757536,1.124661446,2.529826403,23.69988251,42.46150589,2,4,1,0.045856997,100,41,2,0,0,4115,2,0,0,0,0,0.02048164,26.75382614,42.35510254,4,4,1,0.020835634,100,41,1,0,0,4115,1,0,0,0,0
470048.2544,3991390.474,Sneeds Spring,SneedSPg,Newton,0,0.000837146,0,100,0,NA,NA,99.74855042,0,0,3.344846725,NA,0.000837146,4,1,0.000837146,100,41,1,0,0,4115,1,0,0,0,0,NA,NA,NA,NA,NA,NA,NA,NA,NA,NA,NA,NA,NA,NA,NA,NA,NA,NA,0.125581041,3.344846725,14.69675922,18.93891907,42.27262497,2,4,1,0.12613,100,41,2,0,0,4115,2,0,0,0,0,0.000839256,NA,NA,18.55434227,23.07560349,2,4,1,0.000837146,99.74855042,41,1,0,0,4115,1,0,0,0,0,NA,NA,NA,NA,NA,NA,NA,NA,NA,NA,NA,NA,NA,NA,NA,NA,NA,NA
470061.7394,3991569.836,Sneeds Creek Site 1,Sneeds1,Newton,1,4.455942154,0,85.99311066,13.97348976,0,83.26753235,100,0,0,1.752187848,3,4.455942154,4,3,3.831803322,85.99311066,41,5,0,0,4115,5,0,0,0.622650623,13.97348976,0.923263967,24.4527092,49.43074417,4,4,3,0.768779099,83.26753235,41,5,0,0,4115,5,0,0,0.174126372,18.859869,0.125581041,1.752187848,10.7507782,17.59740067,36.75851822,4,4,1,0.125850946,100,41,3,0,0,4115,3,0,0,0,0,0.041769583,0.940337241,1.817289948,15.35235977,36.31329727,4,4,1,0.041857302,100,41,3,0,0,4115,3,0,0,0,0,0.029889323,12.72187138,36.16248703,4,4,1,0.030509321,100,41,2,0,0,4115,2,0,0,0,0
470129.2509,3991704.859,Sneeds Creek Site 2,Sneeds2,Newton,1,1.466493845,0,86.97196198,13.02803421,0,64.26137543,100,0,0,1.821669936,2,1.466493845,4,2,1.275438428,86.97196198,41,4,0,0,4115,4,0,0,0.191055328,13.02803421,0.294270039,26.21638298,49.43074417,4,4,2,0.189101979,64.26137543,41,4,0,0,4115,4,0,0,0.110410258,37.52004623,0.125581041,1.821669936,10.7507782,18.94346237,43.62669373,4,4,1,0.125850946,100,41,3,0,0,4115,3,0,0,0,0,0.042628206,1.041897416,2.483798027,24.53220558,43.62669373,3,4,1,0.042694446,100,41,3,0,0,4115,3,0,0,0,0,0.020195218,22.6365242,43.62669373,3,4,1,0.020463569,100,41,3,0,0,4115,3,0,0,0,0
471248.0119,3990682.543,Sneeds Creek Site 8,Sneeds8,Newton,0,0.461267471,0,100,0,0,100,100,0,0,1.768180728,2,0.461267471,4,1,0.461267471,100,41,3,0,0,4115,3,0,0,0,0,0.092893988,26.97890282,52.6926918,2,4,1,0.095527664,100,41,3,0,0,4115,3,0,0,0,0,0.125581041,1.768180728,7.489844799,15.82619953,36.99796677,3,4,3,0.114223927,90.9563446,41,4,0.009952736,7.925349236,4115,4,0,0,0,0,0.031123802,2.458115339,4.450778961,21.60965538,36.99796677,4,4,1,0.031160435,100,41,2,0,0,4115,2,0,0,0,0,0.018656049,19.40079308,34.1105957,2,4,1,0.019347375,100,41,2,0,0,4115,2,0,0,0,0
471267.3009,3990576.453,Sneeds Creek Site 6,Sneeds6,Newton,0,10.51064777,1.026566744,91.85118103,7.012513161,0.496808499,90.2245636,88.79743958,11.51765919,0,1.537916064,4,10.51064777,4,3,9.654153824,91.85118103,41,6,0.107898824,1.026566744,4115,7,0,0,0.737060547,7.012513161,2.246730328,23.74150848,51.31890488,3,4,3,2.02710247,90.2245636,41,6,0.011161947,0.496808499,4115,6,0,0,0.256724775,11.42659473,0.125581041,1.537916064,7.489844799,15.52374268,36.55228806,1,4,3,0.11385186,90.66007233,41,5,0.010324801,8.221624374,4115,5,0,0,0,0,0.05007099,0.886540651,1.729194999,13.26086998,36.55228806,1,4,2,0.044461757,88.79743958,41,3,0.005767006,11.51765919,4115,3,0,0,0,0,0.019691441,7.722609997,18.20761871,1,4,2,0.014696564,74.63426971,41,2,0.005767006,29.28686523,4115,2,0,0,0,0
471595.2136,3990605.387,Sneeds Creek Site 7,Sneeds7,Newton,0,11.23050022,1.001350045,92.31800842,6.563024998,0.646426976,90.81718445,99.11760712,1.099561334,0,1.88847661,4,11.23050022,4,3,10.36777401,92.31800842,41,6,0.112456612,1.001350045,4115,7,0,0,0.737060547,6.563024998,2.403010607,23.63886261,52.6926918,3,4,3,2.182346582,90.81718445,41,6,0.01553371,0.646426976,4115,6,0,0,0.256724775,10.68346405,0.125581041,1.88847661,9.779315948,16.33066177,41.34402847,3,4,2,0.125199839,99.69644928,41,4,0.000651114,0.518480778,4115,4,0,0,0,0,0.059215754,2.547796726,9.779315948,16.68349075,41.34402847,1,4,2,0.058693238,99.11760712,41,4,0.000651114,1.099561334,4115,4,0,0,0,0,0.035573155,14.97479343,41.34402847,3,4,2,0.035718229,100,41,3,0.000465081,1.307393551,4115,3,0,0,0,0
471845.9703,3990537.875,Sneeds Creek Site 5,Sneeds5,Newton,0,11.40443993,0.986077487,92.43518066,6.462926388,0.638565004,90.95153809,100,0,0,0.318416595,4,11.40443993,4,3,10.54171467,92.43518066,41,6,0.112456612,0.986077487,4115,7,0,0,0.737060547,6.462926388,2.432596445,23.49053764,52.6926918,3,4,3,2.212483883,90.95153809,41,6,0.01553371,0.638565004,4115,6,0,0,0.256724775,10.55352974,0.125581041,0.318416595,1.946629405,12.38055229,31.76708221,3,4,1,0.125850946,100,41,3,0,0,4115,3,0,0,0,0,0.058772136,0.22068876,0.665281236,14.0778656,31.08450317,3,4,1,0.058972288,100,41,3,0,0,4115,3,0,0,0,0,0.02278487,10.96891022,27.19437218,3,4,1,0.023254056,100,41,2,0,0,4115,2,0,0,0,0
472009.9267,3990875.433,Center Point Trib,CntPoint,Newton,0,0.082226343,0,100,0,0,100,100,0,0,7.379135132,1,0.082226343,4,1,0.082226343,100,41,1,0,0,4115,1,0,0,0,0,0.017513895,27.62830353,36.66255951,3,4,1,0.017859114,100,41,1,0,0,4115,1,0,0,0,0,0.125581041,7.379135132,14.42072868,22.8459301,49.85777664,2,4,2,0.125478894,99.9186554,41,4,0.000372065,0.296274722,4115,4,0,0,0,0,0.024011562,9.470318794,13.16340256,27.00372505,36.66255951,3,4,1,0.024091203,100,41,1,0,0,4115,1,0,0,0,0,0.016692394,27.53258324,36.66255951,3,4,1,0.017021969,100,41,1,0,0,4115,1,0,0,0,0
472173.8832,3991801.304,Hemmed in Hollow Site 1,Hemmed1,Newton,1,0.231796429,6.179775238,85.7142868,8.105938911,0,67.56433105,10.327528,0,89.35556793,6.869315624,2,0.231796429,4,2,0.198682651,85.7142868,41,5,0.014324498,6.179775238,4115,5,0,0,0.018789276,8.105938911,0.047083348,32.73282242,65.02037048,3,4,2,0.03181155,67.56433105,41,3,0,0,4115,3,0,0,0.016742921,35.56017303,0.125581041,6.869315624,41.11346817,31.16373253,70.57036591,3,4,3,0.06353008,50.58891296,14,5,0,0,1403,5,0,0,0.061855789,49.25567627,0.02071525,14.46347904,41.11346817,39.33327484,65.02037048,3,1,2,0.002139373,10.327528,14,2,0,0,1403,2,0,0,0.018510228,89.35556793,0.016682327,38.66767883,65.02037048,3,1,2,0.000837146,5.01816082,14,2,0,0,1403,2,0,0,0.016463872,98.69049835
472212.4611,3991772.37,Hemmed in Hollow Site 2,Hemmed2,Newton,1,0.969880164,3.164860487,85.51836395,11.11537361,1.918632865,96.91326904,87.70127106,0,10.71904469,6.328243256,3,0.969880164,4,3,0.829425693,85.51836395,41,6,0.030695355,3.164860487,4115,6,0,0,0.107805803,11.11537361,0.208466023,21.72177696,72.26335907,3,4,3,0.20203124,96.91326904,41,6,0.003999698,1.918632865,4115,6,0,0,0.006697168,3.212594509,0.125581041,6.328243256,41.11346817,32.14682388,68.43367767,4,4,3,0.076180287,60.66225052,41,5,0,0,4115,5,0,0,0.048833519,38.88605881,0.04772713,2.800736666,4.319700718,35.32318878,68.43367767,4,4,3,0.041857302,87.70127106,41,5,0,0,4115,5,0,0,0.005115892,10.71904469,0.020880094,26.95027351,68.43367767,4,4,3,0.018789276,89.98655701,41,4,0,0,4115,4,0,0,0.002046357,9.800516129
472328.195,3991974.905,Hemmed in Hollow Site 3,Hemmed3,Newton,1,0.808962107,3.794411898,83.61503601,12.45256996,2.201639652,97.48655701,100,0,0,11.87739944,3,0.808962107,4,3,0.676414013,83.61503601,41,6,0.030695355,3.794411898,4115,6,0,0,0.100736573,12.45256996,0.181669042,20.2302494,70.28920746,3,4,2,0.177102894,97.48655701,41,5,0.003999698,2.201639652,4115,5,0,0,0.004650811,2.560046196,0.125581041,11.87739944,56.980793,36.64042664,72.26335907,4,4,3,0.108921997,86.73442841,41,5,0,0,4115,5,0,0,0.016091807,12.81388187,0.042514499,12.22474957,56.980793,34.62968826,70.28920746,4,4,1,0.042601433,100,41,2,0,0,4115,2,0,0,0,0,0.022028105,33.18507767,70.28920746,4,4,1,0.022509927,100,41,2,0,0,4115,2,0,0,0,0
474343.8938,3988859.734,Indian Creek - LS,IndianLS,Newton,1,5.958991528,1.078608871,90.63280487,7.960789204,0.313350141,93.34570313,100,0,0,3.900594234,3,5.958991528,4,3,5.400801182,90.63280487,41,6,0.064274214,1.078608871,4115,8,0,0,0.474382758,7.960789204,1.424852967,20.08810425,68.72383881,1,4,3,1.330039024,93.34570313,41,6,0.004464779,0.313350141,4115,7,0,0,0.112177566,7.872922421,0.125581041,3.900594234,19.48285866,25.10153389,53.86365128,2,4,1,0.125850946,100,41,1,0,0,4115,1,0,0,0,0,0.063492879,5.436038494,19.48285866,25.17409515,42.88640213,2,4,1,0.063623101,100,41,1,0,0,4115,1,0,0,0,0,0.034666143,25.04636955,42.88640213,2,4,1,0.034881085,100,41,1,0,0,4115,1,0,0,0,0
474401.7608,3989380.536,Indian Creek 1,Indian1,Newton,1,6.390958786,1.005705357,91.26011658,7.422716618,0.288971484,94.03614044,99.29386139,0,0,0.611586392,3,6.390958786,4,4,5.832396507,91.26011658,41,7,0.064274214,1.005705357,4115,9,0,0,0.474382758,7.422716618,1.545058608,20.16303825,68.72383881,4,4,4,1.452913404,94.03614044,41,7,0.004464779,0.288971484,4115,8,0,0,0.112177566,7.260408401,0.125581041,0.611586392,1.776243091,11.87822247,37.66162491,4,4,3,0.111340418,88.66021729,41,5,0.001116195,0.888824224,4115,5,0,0,0,0,0.038782574,0.525139093,1.261314034,15.92768002,34.43761063,4,4,2,0.038508717,99.29386139,41,3,0,0,4115,3,0,0,0,0,0.019591071,13.75979233,34.43761063,4,4,2,0.019533407,99.70566559,41,2,0,0,4115,2,0,0,0,0
474421.0498,3989235.869,Indian Creek 2,Indian2,Newton,1,6.34928751,1.012305856,91.20861053,7.471432686,0.29163745,93.9862442,100,0,0,1.536130428,3,6.34928751,4,3,5.791097164,91.20861053,41,6,0.064274214,1.012305856,4115,8,0,0,0.474382758,7.471432686,1.530934691,20.23461151,68.72383881,4,4,3,1.438867927,93.9862442,41,6,0.004464779,0.29163745,4115,7,0,0,0.112177566,7.327390671,0.125581041,1.536130428,8.561063766,16.09765053,45.64660645,4,4,2,0.12092109,96.28929138,41,4,0,0,4115,5,0,0,0,0,0.052374091,2.119425058,8.561063766,17.62063789,36.05334473,2,4,1,0.052461151,100,41,1,0,0,4115,1,0,0,0,0,0.026353927,17.36963844,36.05334473,4,4,1,0.027067721,100,41,1,0,0,4115,1,0,0,0,0
474459.6277,3989071.913,Indian Creek 3,Indian3,Newton,1,6.132745743,1.04804945,90.89820099,7.735242367,0.302483648,93.62498474,100,0,0,3.312972546,3,6.132745743,4,3,5.574555397,90.89820099,41,6,0.064274214,1.04804945,4115,8,0,0,0.474382758,7.735242367,1.476039767,20.23044968,68.72383881,1,4,3,1.381942034,93.62498474,41,6,0.004464779,0.302483648,4115,7,0,0,0.112177566,7.599901199,0.125581041,3.312972546,13.15857124,20.61395836,49.22948074,2,4,1,0.125850946,100,41,1,0,0,4115,1,0,0,0,0,0.05060849,3.720239162,13.15857124,23.41173553,49.22948074,4,4,1,0.05078686,100,41,1,0,0,4115,1,0,0,0,0,0.03356903,22.93319511,49.22948074,4,4,1,0.034229971,100,41,1,0,0,4115,1,0,0,0,0
474478.9167,3988454.665,Indian Creek Tributary,IndianTrib,Newton,1,0.684227347,0,87.99619293,11.02501392,0,93.9872818,100,0,0,6.35294342,2,0.684227347,4,3,0.602093995,87.99619293,41,5,0,0,4115,6,0,0,0.07543616,11.02501392,0.238312095,18.91298676,50.14943314,4,4,3,0.223983064,93.9872818,41,5,0,0,4115,6,0,0,0.016835937,7.064659119,0.125581041,6.35294342,22.90082741,25.06401062,50.14943314,4,4,1,0.125850946,100,41,2,0,0,4115,2,0,0,0,0,0.023435853,11.16172028,22.90082741,28.94556046,50.14943314,4,4,1,0.023533104,100,41,2,0,0,4115,2,0,0,0,0,0.02078161,28.53709602,50.14943314,4,4,1,0.021021666,100,41,2,0,0,4115,2,0,0,0,0
478066.6676,3978684.795,Shop Creek (Pools),ShopCreek,Newton,0,64.20100403,3.021096468,87.99674988,8.182257652,2.504737377,94.0413208,20.76150131,23.02265549,55.29548264,0.710467875,5,64.20100403,4,6,56.49480057,87.99674988,41,9,1.939574361,3.021096468,4115,12,0,0,5.253091335,8.182257652,14.23798847,15.49390602,55.60600662,4,4,5,13.38959217,94.0413208,41,8,0.356624216,2.504737377,4115,10,0,0,0.743943751,5.22506237,0.125581041,0.710467875,2.117549419,3.767662048,36.15748215,4,1,3,0.019254358,15.33221722,14,6,0.02539343,20.22075081,1403,7,0,0,0.080366015,63.99534225,0.045250285,0.346027195,0.42717582,6.196698189,36.15748215,2,1,3,0.009394638,20.76150131,14,6,0.010417817,23.02265549,1403,7,0,0,0.025021365,55.29548264,0.018848773,2.988222122,9.007073402,2,1,2,0.003906681,20.72644997,14,4,0.002976519,15.7915802,1403,4,0,0,0.012836239,68.10118866
478963.6055,3986467.9,Boulder Brance Trib 2,Boulder2,Newton,1,0.978623688,9.694895744,74.57466125,9.637866974,2.80892396,93.08193207,100,0,0,1.94642067,2,0.978623688,4,3,0.729805291,74.57466125,41,6,0.09487655,9.694895744,4115,8,0,0,0.094318449,9.637866974,0.19206433,14.19917202,38.46871185,2,4,3,0.178777188,93.08193207,41,6,0.005394941,2.80892396,4115,7,0,0,9.30162E-05,0.048429724,0.125581041,1.94642067,4.754748344,15.89121056,40.88148117,2,4,1,0.125850946,100,41,3,0,0,4115,3,0,0,0,0,0.05916214,1.649448276,3.243489742,16.01110458,37.87874222,2,4,1,0.059344351,100,41,3,0,0,4115,3,0,0,0,0,0.021466672,17.31360435,37.87874222,4,4,1,0.022137862,100,42,2,0,0,4207,2,0,0,0,0
479185.4288,3986332.877,Boulder Branch Trib 1,Boulder1,Newton,1,0.544423938,6.611994267,65.06065369,28.31027031,2.205366611,84.39768219,100,0,0,3.850427389,2,0.544423938,4,3,0.354205787,65.06065369,41,6,0.035997279,6.611994267,4115,7,0,0,0.154127881,28.31027031,0.109660767,11.17033482,26.06977654,1,4,2,0.092551142,84.39768219,41,5,0.002418422,2.205366611,4115,5,0,0,0.017394034,15.86167431,0.125581041,3.850427389,10.65594769,13.85792828,34.16943741,3,4,1,0.125850946,100,41,3,0,0,4115,4,0,0,0,0,0.049840573,3.660923481,8.358841896,13.4353981,26.06977654,3,4,1,0.049949713,100,41,2,0,0,4115,3,0,0,0,0,0.02273575,15.82372856,26.06977654,1,4,1,0.023347072,100,41,2,0,0,4115,2,0,0,0,0
485328.9701,3991772.37,Henry Koen Forest Stream,HenryKoen,Newton,1,0.735758364,1.024020195,87.8128891,6.763590336,3.910696745,66.48184204,88.47068024,8.307106018,3.530520201,1.022158861,2,0.735758364,4,3,0.646090686,87.8128891,41,6,0.007534314,1.024020195,4115,7,0,0,0.04976368,6.763590336,0.152224496,12.68000126,27.74997139,2,4,3,0.101201653,66.48184204,41,6,0.005953039,3.910696745,4115,7,0,0,0.035625216,23.40307617,0.125581041,1.022158861,6.11062336,10.99206161,27.72189713,2,4,2,0.109201051,86.95663452,41,5,0.015068629,11.99912643,4115,6,0,0,0.001581276,1.259167671,0.044788748,1.758906245,6.11062336,13.63717842,27.72189713,3,4,2,0.039624911,88.47068024,41,5,0.003720649,8.307106018,4115,6,0,0,0.001581276,3.530520201,0.020825837,12.05372047,23.59750938,3,4,2,0.017394034,83.52141571,41,5,0.002139373,10.27268791,4115,6,0,0,0.001581276,7.59285593
493912.5679,3978077.192,Left Fork Big Creek,LeftForkBigCk,Newton,0,98.42921448,2.704418898,80.54779816,16.08665276,2.690931797,79.15647125,65.55762482,9.712240219,17.60343552,0,5,98.42921448,4,5,79.28256226,80.54779816,41,8,2.661938429,2.704418898,4115,10,0,0,15.83396626,16.08665276,25.78318787,13.93575001,55.30625153,2,4,5,20.40906143,79.15647125,41,8,0.693808019,2.690931797,4115,10,0,0,5.06733799,19.65365219,0.125581041,0,0,6.721357822,26.1180439,3,1,3,0.04362461,34.73821259,14,6,0.026974706,21.47991753,1403,7,0,0,0.051717021,41.18218994,0.030647092,0,0,8.979486465,26.1180439,3,4,3,0.020091504,65.55762482,41,6,0.002976519,9.712240219,4115,6,0,0,0.005394941,17.60343552,0.014154155,4.382023811,14.45886612,3,4,3,0.007162249,50.60174561,41,5,0.002976519,21.02929688,4115,5,0,0,0.002232389,15.77197266
501290.6042,4026000.672,Willis Spring,WillisSpg,Boone,1,0.192357555,1.740812302,6.431334496,91.82785034,0,23.90464401,27.51767731,0,72.46321869,1.412428141,2,0.192357555,1,2,0.012371158,6.431334496,14,4,0.003348584,1.740812302,1403,4,0,0,0.176637813,91.82785034,0.033074658,6.85509491,13.99643421,2,1,2,0.007906379,23.90464401,14,3,0,0,1403,3,0,0,0.025300413,76.49485779,0.125581041,1.412428141,4.141163826,8.02166748,19.34722328,3,4,2,0.077296481,61.55107498,41,4,0.013673385,10.88809681,4115,4,0,0,0.034881085,27.77575684,0.040562823,1.924871445,4.141163826,7.465631485,13.99643421,2,1,2,0.011161947,27.51767731,14,3,0,0,1403,3,0,0,0.029393127,72.46321869,0.02879848,6.858581066,13.99643421,2,1,2,0.007906379,27.45415497,14,3,0,0,1403,3,0,0,0.021114683,73.31874084
501830.6958,4025788.493,Belden Spring (Stream),BeldenSpg,Boone,1,14.5396452,2.51866436,75.36481476,20.99825287,0.758876562,81.72770691,81.33028412,8.497193336,0,0.837472022,4,14.5396452,4,3,10.95777607,75.36481476,41,7,0.366204888,2.51866436,4115,9,0,0,3.053071499,20.99825287,3.664871454,14.95604992,52.62896729,2,4,3,2.995215416,81.72770691,41,7,0.027811851,0.758876562,4115,9,0,0,0.64990437,17.73334694,0.125581041,0.837472022,3.69402051,8.800315857,21.73075104,1,4,3,0.116642348,92.88213348,41,4,0.003348584,2.666472673,4115,4,0,0,0,0,0.038313448,0.438144952,1.726002574,7.297908783,19.5175972,2,4,3,0.031160435,81.33028412,41,4,0.003255568,8.497193336,4115,4,0,0,0,0,0.017663714,3.248373985,13.54155159,2,4,3,0.01404545,79.51583862,41,4,0.002418422,13.69146919,4115,4,0,0,0,0
504376.8417,3953271.559,Falling Water@ LW Bridge,FallWBridge,Searcy,1,3.565218925,1.904563069,87.07505798,10.51162243,0.824174643,94.60657501,100,0,0,1.942295313,3,3.565218925,4,3,3.104416609,87.07505798,41,6,0.067901842,1.904563069,4115,7,0,0,0.374762356,10.51162243,0.857734859,14.71552753,36.84764481,2,4,3,0.811473548,94.60657501,41,6,0.007069233,0.824174643,4115,7,0,0,0.056088783,6.539175034,0.125581041,1.942295313,9.198414803,15.63846588,39.85844421,3,4,2,0.122409351,97.47438812,41,4,0.0034416,2.74054122,4115,4,0,0,0,0,0.062487848,2.407055616,9.198414803,15.81333447,36.54315186,1,4,1,0.06259992,100,41,3,0,0,4115,3,0,0,0,0,0.031824484,16.03071404,36.54315186,3,4,1,0.032555677,100,41,3,0,0,4115,3,0,0,0,0
504598.665,3953078.669,Falling Water Falls,FallWFalls,Searcy,0,22.58898926,1.855466366,94.71155548,3.134856939,2.343498707,95.13442993,90.93086243,9.281869888,0,1.142755628,4,22.58898926,4,3,21.39438248,94.71155548,41,6,0.4191311,1.855466366,4115,7,0,0,0.708132505,3.134856939,5.282895565,12.04074478,37.27877808,4,4,3,5.02585268,95.13442993,41,6,0.123804592,2.343498707,4115,6,0,0,0.25198096,4.769750595,0.125581041,1.142755628,6.345582008,12.57327271,39.85844421,2,4,2,0.110689305,88.14173126,41,4,0.015161645,12.07319546,4115,4,0,0,0,0,0.059125554,0.341464996,0.941034019,12.97603512,27.32975388,2,4,2,0.053763378,90.93086243,41,4,0.005487957,9.281869888,4115,4,0,0,0,0,0.020931002,10.35221672,24.11002922,4,4,2,0.016277838,77.76904297,41,3,0.005487957,26.21927643,4115,3,0,0,0,0
508176.7715,3970130.13,Richland Trib 1,RichlandTrib1,Searcy,1,1.240743399,4.543069363,95.3894577,0,19.01689148,82.4206543,84.87729645,15.26570034,0,4.001981258,2,1.240743399,4,3,1.183538437,95.3894577,41,5,0.056367833,4.543069363,4115,5,0,0,0,0,0.219616771,15.2267828,39.35398483,2,4,3,0.181009576,82.4206543,41,5,0.041764285,19.01689148,4115,5,0,0,0,0,0.125581041,4.001981258,8.460029602,11.74406624,39.35398483,2,4,2,0.11338678,90.28972626,41,2,0.012464174,9.925203323,4115,2,0,0,0,0,0.045698635,4.852900982,8.460029602,16.23384666,39.35398483,2,4,2,0.038787767,84.87729645,41,2,0.006976217,15.26570034,4115,2,0,0,0,0,0.026232138,16.41801262,39.35398483,1,4,2,0.023905169,91.12931824,41,2,0.002883503,10.99225235,4115,2,0,0,0,0
514995.4273,3928060.857,Dragonfly Site,Dfly,Van Buren,1,1.250882149,0.676680565,99.32332611,0,0.26855278,100,95.13063812,5.201146126,0,1.432648063,2,1.250882149,4,2,1.242417693,99.32332611,41,4,0.008464476,0.676680565,4115,5,0,0,0,0,0.173180535,12.9782896,32.28889084,1,4,2,0.176265746,100,41,4,0.000465081,0.26855278,4115,4,0,0,0,0,0.125581041,1.432648063,4.421944618,8.19503212,14.56592941,1,4,2,0.119339816,95.03012085,43,4,0.006511135,5.184807777,4328,4,0,0,0,0,0.055439763,1.15487504,2.81240344,8.157958031,12.57278347,1,4,2,0.052740198,95.13063812,43,3,0.002883503,5.201146126,4328,3,0,0,0,0,0.019420248,6.684130192,11.46412086,1,4,2,0.01971944,100,43,3,0.000465081,2.394825935,4328,3,0,0,0,0
516278.1447,3973621.437,Calf Creek Pool,CalfCkPool,Searcy,0,63.79871368,2.820431232,76.67243195,19.95398712,3.072424889,77.66794586,3.136163235,41.51683044,55.55489349,0.600432813,5,63.79871368,4,6,48.91602325,76.67243195,41,9,1.799398899,2.820431232,4115,11,0,0,12.73038673,19.95398712,15.61257648,10.76252174,47.06840515,2,4,4,12.12596703,77.66794586,41,7,0.479684681,3.072424889,4115,9,0,0,3.307657003,21.18585014,0.125581041,0.600432813,2.50192976,4.934931755,36.57682419,2,1,2,0.008743525,6.962456226,14,5,0.040741105,32.44208527,1403,6,0,0,0.07636632,60.81039047,0.062284406,0.375892311,1.479205132,4.942880154,35.03354645,2,1,2,0.001953341,3.136163235,14,4,0.02585851,41.51683044,1403,5,0,0,0.034602035,55.55489349,0.032786574,2.837776423,35.03354645,1,1,2,0.000186032,0.56740433,14,3,0.013022271,39.71830368,1403,4,0,0,0.019905472,60.71226501
517040.0596,4021843.896,Markle Upstream,MarkleUp,Marion,1,8.730037689,3.306163788,65.87608337,29.30584526,4.377774715,66.59583282,92.65706635,7.545363903,0,1.673963904,4,8.730037689,4,3,5.75100708,65.87608337,41,6,0.288629353,3.306163788,4115,8,0,0,2.55841136,29.30584526,2.392454386,10.25549507,35.8349762,1,4,3,1.593274951,66.59583282,41,6,0.104736269,4.377774715,4115,8,0,0,0.70152837,29.32253838,0.125581041,1.673963904,6.434683323,15.0699091,37.48566055,2,4,2,0.113200746,90.1415863,41,4,0.012650207,10.07334137,4115,4,0,0,0,0,0.061637998,2.228145838,6.434683323,13.93763447,36.90546799,3,4,2,0.057111964,92.65706635,41,4,0.004650811,7.545363903,4115,4,0,0,0,0,0.036998637,10.97781086,35.8349762,2,4,2,0.032741711,88.49436951,41,4,0.004650811,12.57022285,4115,4,0,0,0,0
517155.7935,4023242.348,Haliplid Stream (unnamed),HaliplidSite,Marion,0,5.233557701,5.31236124,79.58411407,13.74211407,4.82288599,81.63806915,94.2928772,4.829015255,1.016634822,0.35095033,3,5.233557701,4,3,4.165080547,79.58411407,41,6,0.278025508,5.31236124,4115,7,0,0,0.719201446,13.74211407,1.431052685,10.3059063,33.81757355,4,4,3,1.16828382,81.63806915,41,6,0.069018036,4.82288599,4115,7,0,0,0.215053514,15.02764416,0.125581041,0.35095033,0.514691591,10.11976242,33.81757355,4,4,3,0.061111659,48.66312408,41,6,0.013952434,11.11030293,4115,6,0,0,0.040276024,32.0717392,0.036597695,0.372901052,0.509479642,15.50873947,33.81757355,3,4,2,0.034509018,94.2928772,41,3,0.001767308,4.829015255,4115,3,0,0,0.000372065,1.016634822,0.017842457,13.57418442,33.81757355,3,4,1,0.018510228,100,41,1,0,0,4115,1,0,0,0,0
517339.0388,4021602.784,Markle Spring Trib,MarkleSpgTrib,Marion,1,3.886310816,4.044900894,63.35176468,31.61724281,3.623254538,64.86096191,98.48584747,0,0,0.403116643,3,3.886310816,4,3,2.462046385,63.35176468,41,6,0.157197416,4.044900894,4115,8,0,0,1.228744268,31.61724281,0.988372386,8.080862999,34.08205795,1,4,3,0.641067803,64.86096191,41,6,0.035811245,3.623254538,4115,8,0,0,0.323231369,32.70339966,0.125581041,0.403116643,0.756195962,12.91808319,30.59682846,4,4,3,0.111991532,89.17869568,41,5,0.013022271,10.36961555,4115,5,0,0,0,0,0.048262052,0.451242834,0.640998125,16.15418625,30.59682846,3,4,2,0.047531292,98.48584747,41,4,0,0,4115,4,0,0,0,0,0.020210369,13.61937141,30.59682846,1,4,1,0.020649603,100,41,1,0,0,4115,1,0,0,0,0
525922.6366,3975752.869,Bear Creek - Pools,BearCk_Pool1,Searcy,0,195.7142334,3.81177187,67.30073547,27.96115303,4.086416245,67.79508209,43.57909393,11.26201344,39.8250885,0.029700261,6,195.7142334,4,6,131.7171173,67.30073547,41,10,7.460180283,3.81177187,4115,16,0.164824754,0.084217049,54.72395706,27.96115303,48.21965027,11.37109756,51.89070892,4,4,5,32.69055176,67.79508209,41,8,1.970455647,4.086416245,4115,14,0.024277234,0.050347179,14.32180119,29.70117188,0.125581041,0.029700261,0.081742741,11.36822987,57.88702011,4,1,3,0.049019549,39.03419495,14,6,0.008836541,7.036524773,1403,8,0,0,0.043903656,34.9604187,0.056989096,0.007626891,0.059436638,13.10541153,57.0794754,4,1,3,0.024835331,43.57909393,14,6,0.00641812,11.26201344,1403,7,0,0,0.022695959,39.8250885,0.022232221,4.021560669,40.27991104,2,1,3,0.008464476,38.07301331,14,6,0.001674292,7.530925751,1403,7,0,0,0.009952736,44.76716995
525912.9921,3977286.343,Bear Creek,BearCk,Searcy,0,203.0279083,3.825694084,66.76409912,28.42996025,4.039920807,67.22592926,39.91499329,34.66302109,25.47206688,0.228036985,6,203.0279083,4,6,135.5497589,66.76409912,41,10,7.767226696,3.825694084,4115,16,0.164824754,0.081183299,57.72075272,28.42996025,50.41624069,11.36111164,51.89070892,4,4,5,33.89278793,67.22592926,41,8,2.036776304,4.039920807,4115,14,0.024277234,0.048153598,15.25224209,30.25263786,0.125581041,0.228036985,1.510125518,4.192335606,40.36129379,1,1,3,0.041950319,33.40497589,12,6,0.045484934,36.21958542,1403,7,0,0,0.037299506,29.7015419,0.035421442,0.17913039,0.655779898,2.212938309,10.68021679,2,1,2,0.014138466,39.91499329,12,5,0.012278141,34.66302109,1403,6,0,0,0.009022574,25.47206688,0.01952232,1.960550189,9.640458107,4,1,2,0.006139071,31.44641876,14,5,0.005953039,30.49349785,1403,6,0,0,0.007906379,40.49917603
546793.3172,3981693.876,Big Creek,BigCk,Searcy,0,235.9375153,3.302280188,63.20561218,31.59320641,3.484926701,64.24721527,38.04348755,33.61272049,22.1538372,1.667621017,6,235.9375153,4,6,149.1257477,63.20561218,41,9,7.79131794,3.302280188,4115,14,0.126316026,0.053537916,74.54022217,31.59320641,63.09755707,12.25327301,57.94427872,2,4,6,40.53842545,64.24721527,41,9,2.198903561,3.484926701,4115,14,0.020556586,0.032579053,20.75136185,32.88774109,0.125581041,1.667621017,15.67658329,17.58088303,45.8432579,4,1,5,0.052089084,41.47846222,41,8,0.037857603,30.14595413,4115,9,0,0,0.027067721,21.5539875,0.060880434,2.624398947,15.67658329,17.19683456,45.8432579,4,1,4,0.023161041,38.04348755,12,7,0.020463569,33.61272049,4115,8,0,0,0.013487353,22.1538372,0.029020365,19.07127571,45.8432579,4,1,4,0.007999395,27.56476402,12,7,0.011254963,38.78298187,1201,7,0,0,0.006511135,22.4364357
549725.2427,4015227.775,Baxter Co. Stream 1 (unnamed),Baxter_1,Baxter,1,3.320493221,4.512857914,49.3809166,41.23760223,6.189706326,47.06311035,70.41148376,7.544087887,22.31792641,0.765941679,4,3.320493221,4,3,1.639690042,49.3809166,41,7,0.149849132,4.512857914,4115,9,0.030230273,0.910415113,1.369291782,41.23760223,0.871598899,6.233115673,23.17988968,3,1,3,0.41020155,47.06311035,14,7,0.053949412,6.189706326,1403,8,0.005860022,0.672330141,0.374762356,42.99711227,0.125581041,0.765941679,2.381315947,9.429326057,23.52695084,1,4,2,0.073761865,58.73646545,41,5,0.008092412,6.443975449,4115,5,0,0,0.043996673,35.03448868,0.059182487,0.907444835,2.381315947,9.023076057,23.17988968,1,4,2,0.041671269,70.41148376,41,4,0.004464779,7.544087887,4115,4,0,0,0.013208304,22.31792641,0.023823667,12.05900574,23.17988968,1,4,2,0.016928952,71.05938721,41,4,0.000558097,2.342617273,4115,4,0,0,0.006883201,28.89228058
574887.7221,3980343.647,Blanchard Springs below dam,Blanch_dam,Stone,0,3.975699425,7.404894352,91.96340942,0,9.24719429,92.53546906,78.32339478,14.99809742,0,0.637292087,3,3.975699425,4,4,3.656188726,91.96340942,41,7,0.294396341,7.404894352,4115,10,0.00641812,0.161433727,0,0,1.024997711,18.22560692,42.64198303,3,4,3,0.948486447,92.53546906,41,5,0.09478353,9.24719429,4115,7,0,0,0,0,0.125581041,0.637292087,3.524454594,19.14896584,37.85143661,1,4,4,0.102503881,81.62368774,41,6,0.01944039,15.48035526,4115,6,0,0,0,0,0.050235134,1.365758419,3.524454594,23.47025299,37.85143661,2,4,3,0.039345864,78.32339478,41,5,0.007534314,14.99809742,4115,5,0,0,0,0,0.019095585,18.69874573,31.66989899,2,4,2,0.013115288,68.68230438,41,3,0.00641812,33.61048889,4115,3,0,0,0,0
574893.8501,3980402.453,Spring at Catwalk - Blanchard,Catwalk_Blanch,Stone,0,0.001767308,21.05263138,78.94737244,0,NA,NA,78.8102951,21.01607895,0,0.454014391,NA,0.001767308,4,2,0.001395243,78.94737244,41,2,0.000372065,21.05263138,4115,2,0,0,0,0,NA,NA,NA,NA,NA,NA,NA,NA,NA,NA,NA,NA,NA,NA,NA,NA,NA,NA,0.125581041,0.454014391,3.524454594,16.03186798,35.88751221,1,4,5,0.103061974,82.06809998,41,7,0.020091504,15.99883556,4115,7,0,0,0,0,0.001770382,NA,NA,8.334365845,19.39078712,3,4,2,0.001395243,78.8102951,41,2,0.000372065,21.01607895,4115,2,0,0,0,0,NA,NA,NA,NA,NA,NA,NA,NA,NA,NA,NA,NA,NA,NA,NA,NA,NA,NA
583625.6319,4004879.235,Brushy Creek,BrushyCk,Izard,0,35.8504982,2.817690849,75.19939423,20.28815269,3.391065598,79.58613586,38.68449402,0,60.07983017,0.340730816,5,35.8504982,4,5,26.95935822,75.19939423,41,8,1.010156155,2.817690849,4115,10,0,0,7.273403645,20.28815269,9.444077492,9.032315254,38.77121353,3,4,4,7.516176224,79.58613586,41,7,0.320254862,3.391065598,4115,9,0,0,1.636434436,17.32762527,0.125581041,0.340730816,2.202105522,6.351466179,42.36782074,3,4,3,0.090690821,72.21696472,41,6,0.005860022,4.666327,4115,6,0,0,0.026602641,21.18364334,0.043040253,0.382078737,2.202105522,7.030497551,30.18037224,3,1,3,0.016649904,38.68449402,14,4,0,0,1403,4,0,0,0.02585851,60.07983017,0.030246444,5.905391693,28.86850739,3,1,2,0.008743525,28.90761375,14,3,0,0,1403,3,0,0,0.022044845,72.88408661
586692.5803,4006383.776,Little Creek,LittleCk,Izard,0,9.323109627,1.600303173,90.54483795,4.317027569,0.753244162,94.08377838,90.07740021,10.14664936,0,0.357448786,3,9.323109627,4,4,8.441594124,90.54483795,41,7,0.149198025,1.600303173,4115,8,0,0,0.402481198,4.317027569,2.593237162,8.860999107,31.0686779,3,4,4,2.439815521,94.08377838,41,7,0.019533407,0.753244162,4115,7,0,0,0.052647185,2.030172348,0.125581041,0.357448786,2.834457397,7.414674759,31.56088066,2,4,3,0.113479793,90.36379242,41,5,0.011999093,9.554860115,4115,5,0,0,0,0,0.044919211,0.032283749,0.139705375,6.694489479,15.56816483,4,4,2,0.040462058,90.07740021,41,4,0.004557795,10.14664936,4115,4,0,0,0,0,0.02071909,5.387933254,15.56816483,4,4,2,0.021021666,100,41,2,0.000279049,1.346819162,4115,2,0,0,0,0
450772.7555,4001474.729,Madison Co. SeepStreamA,MadCoSeep,Madison,1,0.558748484,6.009654999,39.304142,54.53637314,3.377164125,24.09476662,94.92630005,5.368582726,0,1.358382344,2,0.558748484,1,3,0.219611302,39.304142,14,6,0.033578858,6.009654999,1403,8,0,0,0.304721147,54.53637314,0.143222049,11.36544704,24.6873188,2,1,2,0.034509018,24.09476662,14,4,0.004836844,3.377164125,1403,4,0,0,0.106968656,74.68728638,0.125581041,1.358382344,4.750063896,11.22534847,24.56824493,1,4,2,0.110875338,88.28987122,41,5,0.014231483,11.33250904,4115,5,0,0,0.00074413,0.592549443,0.038117267,1.303774834,4.594701767,11.29419422,20.42738724,1,4,2,0.036183313,94.92630005,41,3,0.002046357,5.368582726,4115,3,0,0,0,0,0.021665817,11.83572674,20.42738724,1,4,2,0.019905472,91.87501526,41,3,0.002046357,9.445095062,4115,3,0,0,0,0
401913.7594,3994115.982,NOLAN WWTP_2,NOLAN_2,Washington,1,3.580287457,13.92013741,52.31093216,33.35585022,8.665620804,68.50554657,85.9132309,0,8.986169815,0.194580644,4,3.580287457,4,3,1.872881651,52.31093216,41,6,0.498380929,13.92013741,4115,9,0,0,1.194235325,33.35585022,0.828659952,7.408041,26.72759056,2,4,3,0.567678034,68.50554657,41,6,0.071808524,8.665620804,4115,8,0,0,0.200449958,24.1896534,0.125581041,0.194580644,1.172743917,2.383503914,16.05116081,2,4,3,0.102224834,81.40148163,41,5,0,0,4115,7,0.002046357,1.629510999,0.016556889,13.18422604,0.068316877,0.226948395,1.172743917,2.187750816,13.02908993,1,4,3,0.058693238,85.9132309,41,4,0,0,4115,5,0,0,0.006139071,8.986169815,0.044401076,1.992152452,13.02908993,2,4,3,0.038136654,85.89128113,41,4,0,0,4115,4,0,0,0.003906681,8.79861927
401296.512,3993836.292,NOLAN WWTP_1,NOLAN_1,Washington,1,1.46295917,11.46998978,58.02390671,29.85757828,12.29092312,64.4921875,81.2845459,6.417201042,6.631107807,0.716158271,2,1.46295917,4,3,0.848866045,58.02390671,41,6,0.167801276,11.46998978,4115,8,0,0,0.436804205,29.85757828,0.330716342,7.616405964,24.005867,2,4,3,0.213286206,64.4921875,41,6,0.040648092,12.29092312,4115,7,0,0,0.080924116,24.46934319,0.125581041,0.716158271,1.534201384,8.048036575,24.57261848,1,4,3,0.111805499,89.03055573,41,6,0.002790487,2.222060442,4115,6,0,0,0.008743525,6.962456226,0.043484483,0.601204157,1.387112975,7.276838779,22.01940155,1,4,3,0.035346165,81.2845459,41,6,0.002790487,6.417201042,4115,6,0,0,0.002883503,6.631107807,0.022286298,5.395046234,22.01940155,1,4,3,0.015719742,70.5354538,41,5,0.002697471,12.1037178,4115,5,0,0,0.001767308,7.930021763
397612.316,3984008.554,Lake WIlson Trib 1,LWilson1,Washington,1,1.827861786,0.463080764,74.36772156,25.01653862,0,79.75613403,100,0,0,0.555652916,2,1.827861786,4,3,1.359339118,74.36772156,41,6,0.008464476,0.463080764,4115,6,0,0,0.457267761,25.01653862,0.341013819,8.624042511,26.86424637,1,4,3,0.271979451,79.75613403,41,5,0,0,4115,5,0,0,0.077668548,22.77577782,0.125581041,0.555652916,2.141784906,7.525016308,15.41346073,1,4,2,0.118781716,94.58570862,41,3,0,0,4115,3,0,0,0,0,0.041125003,0.688872039,2.141784906,8.198677063,14.67874432,1,4,1,0.041206188,100,41,1,0,0,4115,1,0,0,0,0,0.016227111,6.490104198,10.76792336,1,4,1,0.016649904,100,41,1,0,0,4115,1,0,0,0,0
397911.2952,3983989.265,Lake Wilson Trib 2,LWilson2,Washington,1,3.855894566,0.648912072,94.41067505,4.612341404,0,100,97.98825073,0,0,1.280501723,3,3.855894566,4,4,3.640376091,94.41067505,41,7,0.025021365,0.648912072,4115,9,0,0,0.177847028,4.612341404,0.770803511,9.470049858,27.43247032,4,4,3,0.774453104,100,41,5,0,0,4115,5,0,0,0.010231785,1.32741797,0.125581041,1.280501723,5.662484646,7.995541573,18.64024734,1,4,2,0.098504178,78.43873596,41,3,0,0,4115,3,0,0,0,0,0.065688722,1.833442569,5.662484646,8.944578171,18.64024734,1,4,2,0.064367227,97.98825073,41,2,0,0,4115,2,0,0,0,0,0.030747883,7.655624866,18.64024734,4,4,2,0.030323289,98.61911011,41,2,0,0,4115,2,0,0,0,0
