MACRO,BLOCK,ENCLOSURE,TREAT,SILT_VOL1,SILT_VOL2,SILT_VOL3,SILT_VOL4,CHLA1,CHLA2,CHLA3,CHLA4,AFDM1,AFDM2,AFDM3,AFDM4,SILT_DRY1,SILT_DRY2,SILT_DRY3,SILT_DRY4,OM1,OM2,OM3,OM4,INVERTS1,INVERTS2,INVERTS3,INVERTS4,SQRT_CHLA(1),SQRT_CHLA(2),SQRT_CHLA(3),SQRT_CHLA(4),LN_AFDM1,LN_AFDM2,LN_AFDM3,LN_AFDM4,LN_SILT_DRY1,LN_SILT_DRY2,LN_SILT_DRY3,LN_SILT_DRY4,LN_INVERTS1,LN_INVERTS2,LN_INVERTS3,LN_INVERTS4,LN_OM1,LN_OM2,LN_OM3,LN_OM4,OMINV100(1),OMINV100(2),OMINV100(3),OMINV100(4),LN_CHLA1,LN_CHLA2,LN_CHLA3,LN_CHLA4,ASNOMINV1,ASNOMINV2,ASNOMINV3,ASNOMINV4,ASNOM1,ASNOM2,ASNOM3,ASNOM4,BIOMINV1,BIOMINV2,BIOMINV3,BIOMINV4,LN_BIOMINV1,LN_BIOMINV2,LN_BIOMINV3,LN_BIOMINV4,BIOMDET1,BIOMDET2,BIOMDET3,BIOMDET4,LN_BIOMDET1,LN_BIOMDET2,LN_BIOMDET3,LN_BIOMDET4,LN_BDET1,LN_BDET2,LN_BDET3,LN_BDET4
margin,1,a,n,47,50,84,59,99.53323457,72.22716049,144.3631605,162.3883951,912.4382716,1292.592593,1718.37037,1607.932099,1003.82716,1412.962963,1879.62963,1767.814815,9.104046243,8.519003932,8.579310345,9.044087351,2.043209877,0.395061728,0.117283951,1.950617284,10.02662628,8.557286982,12.05666457,12.78234701,6.8172158,7.165178582,7.449713439,7.383325945,6.912570826,7.254151653,7.539361909,7.478065005,1.112912839,0.332938664,0.110900696,1.082014397,2.312935962,2.253290214,2.2596056,2.306984138,93.95770393,67.1875,52.63157895,85.75949367,4.600491604,4.279816159,4.972332073,5.089990966,69.98070569,42.21197931,31.75689068,59.04765547,5.223471359,4.886957086,4.921637113,5.188975103,0.0311,0.0043,0.001,0.0271,-3.438899249,-5.240048458,-6.214608098,-3.571985703,91.38888889,120.3703704,161.2592593,159.882716,4.526006721,4.798846783,5.089195422,5.080675628,4.515123905,4.790573409,5.083013376,5.074440522
margin,1,b,s,45,50,61,44,91.74777778,98.46502058,115.5468025,49.13550617,996.3888889,1072.530864,1641.351852,1051.925926,1098.888889,1180.555556,1795.734568,1152.148148,9.32760364,9.150326797,8.597190187,8.698727016,1.117283951,0.388888889,0.672839506,0.882716049,9.630564769,9.973215157,10.79568444,7.080643062,6.905140753,6.978708368,7.40388455,6.959328164,7.002964444,7.074587117,7.493726167,7.050251001,0.750134112,0.328504067,0.514522486,0.632715441,2.334820276,2.317505902,2.261470367,2.271994641,100,73.01587302,49.5412844,53.84615385,4.519043266,4.589701364,4.749675664,3.894581913,90.00007602,46.89974223,29.69700251,32.57899791,5.352107877,5.250099331,4.931919507,4.990314646,0.0186,0.0046,0.0054,0.0077,-3.932225713,-5.184988681,-5.051457289,-4.744432253,102.5,108.0246914,154.382716,100.2222222,4.639571613,4.691574383,5.045891209,4.61731832,4.629862799,4.682359825,5.039434689,4.607389943
margin,1,c,l,50,74,24,28,103.5197531,93.01525926,33.7574321,14.82409877,1261.728395,1807.975309,532.7407407,697.7530864,1393.82716,1983.382716,579.7037037,773.2839506,9.47741364,8.84385076,8.101201124,9.76754582,0.135802469,0.932098765,0.283950617,0.99382716,10.22349026,9.696146619,5.89554341,3.977951579,7.141030052,7.500515836,6.279910217,6.549297442,7.240525787,7.59306317,6.36424065,6.651938668,0.127339422,0.658606855,0.249941744,0.690055988,2.349221858,2.286846972,2.208406397,2.376536593,100,49.66887417,69.56521739,47.82608696,4.639762446,4.532763558,3.519200603,2.696254151,90.00007602,29.78119481,44.07924708,28.57190228,5.438324721,5.073786221,4.646742458,5.605333399,0.0023,0.0075,0.0032,0.0077,-5.713832811,-4.767689115,-5.472670754,-4.744432253,132.0987654,175.4074074,46.96296296,75.5308642,4.89109145,5.172796135,3.870429108,4.337694113,4.883549866,5.167111311,3.849359269,4.32454137
margin,2,a,n,55,94,28,72,90.6345679,152.7604444,48.02288066,60.71288889,1221.203704,2576.296296,707.2592593,1870.222222,1343.425926,2823.481481,769.4814815,2070.666667,9.097801365,8.754623921,8.086253369,9.680188882,2.617283951,0.641975309,0.203703704,0.87654321,9.572594627,12.40001792,7.001634142,7.855755144,7.108410823,7.854496181,6.562810212,7.534347091,7.20372238,7.94608008,6.64701562,7.636108715,1.285723454,0.495899974,0.185403223,0.629431366,2.312317713,2.277741421,2.206762653,2.368390519,86.32075472,93.26923077,100,62.67605634,4.506835684,5.028870972,3.871677578,4.106156013,59.67870694,68.85852122,90.00007602,38.81155789,5.219878394,5.022463892,4.638149827,5.555043195,0.0366,0.0097,0.0041,0.0089,-3.280751229,-4.537511538,-5.278514739,-4.615220522,122.2222222,247.1851852,62.22222222,200.4444444,4.81398941,5.514175182,4.146655857,5.305513633,4.805840881,5.510137793,4.130712206,5.300537123
margin,2,b,s,65,78,85,47,119.3062963,126.4851852,109.3750617,67.94846091,1600.524691,1878.740741,1865.277778,1322.382716,1757.407407,2048.703704,2040.524691,1436.981481,8.926940639,8.296122209,8.588326048,7.974964668,27.59259259,1.049382716,0.709876543,0.734567901,10.96842269,11.29093376,10.50595363,8.303520994,7.378711387,7.538889142,7.531701233,7.187946401,7.472163796,7.625450527,7.621452205,7.27099566,3.353147684,0.717538634,0.536421171,0.550758334,2.295252338,2.229597346,2.260546322,2.194438998,,51.76470588,51.30434783,57.14285714,4.781694105,4.840125188,4.694782909,4.21874949,,31.17457912,30.86679387,34.84993401,5.121582306,4.75880138,4.926821871,4.574179433,0.0366,0.0088,0.0059,0.0068,-3.280751229,-4.625372893,-4.976233867,-4.853631545,156.882716,169.962963,175.2469136,114.5987654,5.061852454,5.141446942,5.17188593,4.750125277,5.055498495,5.135580548,5.166195914,4.741437031
margin,2,c,l,55,90,71,32,65.03512346,105.4744444,95.21888889,67.54291358,1301.666667,2150,1953.814815,817.9753086,1415.401235,2368.888889,2139.203704,895.4074074,8.03550012,9.240150094,8.666256915,8.647694683,0.333333333,1.141975309,1.444444444,0.37037037,8.126199816,10.31864548,9.809122738,8.279064777,7.172168724,7.673688129,7.578050744,6.708053935,7.255874592,7.770598351,7.668656292,6.798395005,0.287682072,0.761728445,0.893817876,0.315081047,2.201161276,2.326316277,2.268641152,2.266718994,70.37037037,45.40540541,59.82905983,75,4.174927485,4.658468691,4.556178335,4.212763153,44.72495093,27.00410972,36.74759966,48.59041893,4.608975394,5.301783298,4.97164011,4.960964648,0.0038,0.0084,0.014,0.0045,-5.339139361,-4.66704559,-4.199705078,-5.203007187,113.7345679,218.8888889,185.3888889,77.43209877,4.742621355,5.393122368,5.227835292,4.362233267,4.733867382,5.388564244,5.222455721,4.349401407
margin,3,a,n,40,60,78,72,81.88082305,130.1491358,124.7759259,106.9102222,1070.123457,1669.62963,1841.185185,1738.666667,1167.160494,1858.148148,2010.185185,1906.222222,8.313941189,10.14550528,8.407185629,8.789927722,1.413580247,0.265432099,1.12345679,0.586419753,9.103890544,11.45203632,11.21498667,10.38798451,6.976463336,7.420955858,7.518707747,7.461448803,7.063185563,7.527873677,7.606479472,7.553403129,0.881111225,0.235413644,0.753045322,0.46147975,2.23151233,2.411036303,2.241473826,2.281354074,99.12663755,100,34.06593407,48.42105263,4.405264813,4.868680991,4.826519536,4.671989438,82.42212415,90.00007602,19.91706657,28.96078564,4.769046304,5.822969964,4.822659183,5.042769777,0.0227,0.0047,0.0062,0.0046,-3.742280231,-5.167289104,-4.933674253,-5.184988681,97.03703704,188.5185185,169,167.5555556,4.585345336,5.244486743,5.135798437,5.127265402,4.575092731,5.239196244,5.129898715,5.121314971
margin,3,b,s,43,30,64,56,92.92176132,38.60296296,98.43463374,62.92879012,1102.604938,639.6296296,1638.320988,1314.617284,1197.62963,695.1851852,1790.024691,1427.654321,7.934397163,7.991475759,8.474950342,7.917675545,0.191358025,1.012345679,1.024691358,0.518518519,9.691324023,6.293088507,9.971691619,7.995548144,7.006337317,6.462451489,7.402037403,7.182061252,7.088934208,6.545615696,7.490543188,7.264488246,0.175093854,0.699301046,0.705417273,0.417735201,2.189908677,2.196276991,2.24865151,2.188035323,100,82.92682927,36.14457831,67.85714286,4.531757863,3.653329034,4.589392711,4.142003772,90.00007602,56.0236945,21.18903099,42.73214614,4.550862055,4.58366989,4.861624603,4.541251029,0.0035,0.0136,0.006,0.0057,-5.403677882,-4.22673375,-4.96184513,-5.005647753,95.02469136,55.55555556,151.7037037,113.037037,4.56460536,4.035223439,5.028499467,4.736523282,4.554136767,4.017383521,5.021929301,4.727715526
margin,3,c,l,31,50,27,19,72.73263374,74.56460905,57.20233333,30.74387654,699.4135802,976.2345679,559.8333333,446.617284,760.0740741,1064.506173,614.3333333,487.5493827,7.980866062,8.292258626,8.871405317,8.395477508,0.166666667,0.901234568,0.290123457,0.259259259,8.586770857,8.692790637,7.629045375,5.63417044,6.551670989,6.884726713,6.329423773,6.10393859,6.634730691,6.971205245,6.422164126,6.191440557,0.15415068,0.642503448,0.254737917,0.230523659,2.195096321,2.229181648,2.289642226,2.240228457,81.48148148,,65.95744681,95.23809524,4.286790166,4.311665985,4.04659469,3.425690838,54.5691014,,41.26746224,72.24727087,4.577571498,4.756580054,5.089636133,4.815927118,0.0022,0.0048,0.0031,0.004,-5.744604469,-5.149897361,-5.496768305,-5.298317367,60.66049383,88.27160494,54.5,40.93209877,4.121643431,4.491683464,4.016383021,3.736051614,4.105292643,4.480418481,3.998200702,3.711914566
margin,4,a,s,40,50,42,42,161.1437037,79.73621399,92.06158025,135.8466667,909.1358025,1082.407407,1094.851852,965.6111111,1005.432099,1178.395062,1191.814815,2126.444444,9.577603143,8.145625982,8.1357407,54.59034382,0.098765432,0.240740741,0.345679012,0.913580247,12.73356602,8.985333271,9.64684302,11.698148,6.813593822,6.98786636,6.999287287,6.873796254,6.91416678,7.072756926,7.084071184,7.662676747,0.094187215,0.215708573,0.296898728,0.648975962,2.358738855,2.21327573,2.21219427,4.018009514,100,82.05128205,55.35714286,56.08108108,5.082296536,4.378723861,4.522457704,4.911526799,90.00007602,55.13620862,33.61240299,34.11191809,5.495991456,4.67228045,4.666597735,33.08645102,0.0024,0.0032,0.0031,0.0083,-5.683979847,-5.472670754,-5.496768305,-4.677740879,96.2962963,95.98765432,96.96296296,1160.833333,4.577760924,4.574583695,4.584589478,7.057754496,4.567429858,4.564219582,4.57432908,7.056893417
margin,4,b,n,50,80,65,46,101.591358,164.6498765,116.2296296,82.30857613,1328.703704,1933.333333,1664.722222,1065.950617,1458.950617,2127.407407,1813.580247,1156.814815,8.927438121,9.122562674,8.207964602,7.854688267,0.098765432,1.24691358,0.364197531,0.358024691,10.12873921,12.87050413,10.82726326,9.127353183,7.192711417,7.567518016,7.418014075,6.972559968,7.28615789,7.663129283,7.503609451,7.054289727,0.094187215,0.809557532,0.310566366,0.306031211,2.295302451,2.31476686,2.220068827,2.180947066,93.75,54.95049505,49.15254237,60.34482759,4.620958473,5.103821259,4.7555678,4.410475308,69.63592401,33.33308529,29.44091751,37.11729482,5.121868485,5.234124834,4.708117884,4.505049197,0.0015,0.0111,0.0029,0.0035,-5.991464547,-4.414549826,-5.546778726,-5.403677882,130.2469136,194.0740741,148.8580247,90.86419753,4.877080386,5.273379353,5.009688344,4.520311373,4.869431984,5.268239911,5.002992997,4.509366057
margin,4,c,l,65,69,32,39,81.93049383,112.8584444,58.64190947,39.24459259,1246.234568,1624.907407,822.7160494,595.1111111,1375.030864,1759.5,910.0246914,685.1481481,9.366793114,7.649479545,9.594095941,13.14125088,1.055555556,1.037037037,0.080246914,1.302469136,9.106618133,10.67044725,7.722817456,6.343862593,7.128684034,7.393821343,6.71382587,6.390427078,7.226958449,7.473353139,6.81457,6.531093564,0.720546155,0.711496319,0.077189639,0.833982084,2.338607728,2.157499151,2.360296859,2.64909612,97.07602339,72.61904762,100,56.39810427,4.405871252,4.726134329,4.07144962,3.669813666,76.11050331,46.56801105,90.00007602,34.33159198,5.374660548,4.387118254,5.505484858,7.551229796,0.0166,0.0122,0.0013,0.0119,-4.039856377,-4.327538449,-6.074846156,-4.350527968,128.7962963,134.5925926,87.30864198,90.03703704,4.86596627,4.909654747,4.480837973,4.511266424,4.858232058,4.902252383,4.46944945,4.500221108
margin,5,a,s,30,50,150,58,60.83209877,51.45308642,294.5185185,119.8456626,682.4074074,1178.395062,4066.666667,1408.82716,747.7777778,1309.259259,4444.444444,1530.197531,8.741951461,9.995285243,8.5,7.931679925,1.148148148,1.240740741,0.166666667,0.703703704,7.863338907,7.242450305,17.19065207,10.99298242,6.527091179,7.072756926,8.310824813,7.251222395,6.618442248,7.177980304,8.39963513,7.333805408,0.764606145,0.806806499,0.15415068,0.53280453,2.276441453,2.397466567,2.251291799,2.189604499,97.31182796,64.17910448,48.14814815,57.89473684,4.10811759,3.940670449,5.685341882,4.78620477,76.68498194,39.92553694,28.78222899,35.37657003,5.015175156,5.736460363,4.876028988,4.549300269,0.0181,0.0129,0.0013,0.0066,-3.958066944,-4.275866439,-6.074846156,-4.879607032,65.37037037,130.8641975,377.7777778,121.3703704,4.195250728,4.881772586,5.936949695,4.807052269,4.180069103,4.874160125,5.934306133,4.798846783
margin,5,b,n,36,46,67,77,76.68,61.61046914,105.8677202,120.678963,869.1111111,1207.074074,1476.067901,1599.41358,942.8888889,1341.666667,1625.37037,1778.604938,7.824652369,10.03174603,9.185750636,10.0748263,1.697530864,0.956790123,0.685185185,0.438271605,8.813625815,7.912677748,10.33768447,11.03081878,6.768620917,7.096782696,7.297814254,7.378017362,6.850008457,7.202412965,7.394106044,7.484146674,0.99233686,0.671305439,0.52187546,0.363442118,2.17754921,2.400777119,2.320989747,2.404674631,99.27272727,68.38709677,63.96396396,78.87323944,4.339640918,4.12083181,4.662190392,4.793133821,83.08574433,43.14691617,39.76498717,52.06725306,4.487786751,5.757456404,5.270481553,5.782265286,0.0273,0.0106,0.0071,0.0056,-3.564893474,-4.456750181,-4.815891217,-5.02068563,73.77777778,134.5925926,149.3024691,179.191358,4.314520752,4.909654747,5.012649725,5.194019386,4.301057572,4.902252383,5.005974242,5.188454274
margin,5,c,l,41,46,50,23,81.53195885,71.69071605,96.30288066,42.33703704,937.4320988,1140.345679,1162.037037,518.2098765,1022.469136,1243.987654,1266.049383,563.3580247,8.316831683,8.33143118,8.215504632,8.014112903,0.333333333,0.462962963,0.37037037,0.351851852,9.084710169,8.52588506,9.864222253,6.583087197,6.844210503,7.039963265,7.058789998,6.252308188,6.930953249,7.126880893,7.144446156,6.335688846,0.287682072,0.380463806,0.315081047,0.301475395,2.231822623,2.233388399,2.220887352,2.19879145,79.62962963,68,95,66.66666667,4.400995076,4.272361256,4.567498232,3.745662283,52.77791068,42.84367923,71.80518831,41.81035021,4.770708192,4.779102227,4.712452647,4.596681763,0.0043,0.0051,0.0057,0.0038,-5.240048458,-5.099466508,-5.005647753,-5.339139361,85.03703704,103.6419753,104.0123457,45.14814815,4.454777867,4.650544765,4.654077921,3.831856833,4.443086891,4.640942415,4.644509601,3.809949263
margin,6,a,l,60,87,26,30,122.505679,167.2111358,48.49738272,55.64296296,1251.851852,2148.148148,656.5802469,732.4074074,1361.481481,2340.407407,714.8395062,796.4814815,8.052230686,8.214777421,8.149977548,8.044640781,0.191358025,0.771604938,0.234567901,0.413580247,11.11331089,12.96962358,7.035437635,7.526151936,7.133177713,7.672826832,6.488566805,6.597701356,7.217062935,7.758507484,6.573455988,6.681458614,0.175093854,0.571885881,0.210721031,0.346125668,2.203011212,2.220808437,2.213751426,2.202172403,100,72,28.94736842,62.68656716,4.808157388,5.1192573,3.881509832,4.018955618,90.00007602,46.05451934,16.8264631,38.81928697,4.618592473,4.712034572,4.674782033,4.614229621,0.0042,0.009,0.0011,0.0042,-5.259096653,-4.605170186,-6.165817934,-5.259096653,109.6296296,192.2592593,58.25925926,64.07407407,4.706187952,5.2640326,4.081922042,4.175526222,4.697107681,5.25884477,4.064903037,4.160039821
margin,6,b,s,50,66,67,48,139.0781893,121.3731852,132.8436296,98.31308642,1266.666667,1617,1662.179012,1092.740741,1377.469136,1774.666667,1812.308642,1203.259259,8.043916648,8.884297521,8.283888635,9.18492982,0.222222222,0.580246914,0.969135802,2.37037037,11.83546321,11.06224142,11.56908076,9.965595136,7.144933219,7.388946098,7.416486118,6.997358972,7.228728841,7.481931218,7.502908435,7.093619934,0.200670695,0.457581109,0.677594768,1.215022641,2.202092338,2.290947389,2.228280493,2.320909159,100,67.0212766,45.85987261,86.45833333,4.935036288,4.798869974,4.889172719,4.588157146,90.00007602,42.08352385,27.29674582,59.83521191,4.613813374,5.09705211,4.751767842,5.270009263,0.0036,0.0063,0.0072,0.0332,-5.381698975,-4.919880931,-4.803621125,-3.375529635,110.8024691,157.6666667,150.1296296,110.5185185,4.716733646,5.066805566,5.018137943,4.714190662,4.707749059,5.0604831,5.011499118,4.705183095
margin,6,c,n,45,62,62,65,85.40501372,112.9183416,106.1364294,106.5998091,1039.085391,1630.885802,1420.506173,1576.437037,1138.809671,1793.157407,1554.851852,1736.024691,8.726960299,9.001685655,8.640766497,9.088743704,2.49382716,0.62962963,0.475308642,0.841975309,9.295429722,10.67325356,10.35067289,10.37303278,6.947058095,7.397491559,7.259472274,7.36355668,7.038616572,7.49229078,7.349778489,7.459928981,1.250997743,0.488352768,0.388867217,0.610838533,2.274901442,2.302753644,2.266000618,2.311420318,,,,,4.447404808,4.726664916,4.664725336,4.66908172,,,,,5.006552892,5.164581199,4.956980172,5.214667142,,,,,,,,,99.72427984,162.2716049,134.345679,159.5876543,4.612386881,5.095415102,4.907832091,5.078839926,4.602409176,5.089271505,4.900416172,5.072593328
margin,7,a,s,40,52,36,30,92.38765432,96.08316049,92.56296296,87.67185185,926.9135802,1017.851852,902,680.7407407,1015.802469,1118,979.1111111,745,8.750607681,8.957795004,7.875624149,8.625403927,2.549382716,0.734567901,0.172839506,0.648148148,9.6637288,9.853078732,9.672794992,9.416573254,6.832938604,6.926431637,6.805722553,6.52464944,6.924418148,7.020190708,6.887665944,6.6147256,1.266773706,0.550758334,0.159427737,0.499652323,2.277329609,2.298355662,2.18330866,2.264405846,98.30508475,58.82352941,39.28571429,55.23809524,4.525993358,4.565214072,4.527889094,4.473600888,79.43610221,36.03190951,23.13241594,33.5305384,5.020153888,5.13933168,4.517081859,4.948145075,0.0406,0.007,0.0011,0.0058,-3.179655112,-4.828313737,-6.165817934,-4.990832667,88.88888889,100.1481481,77.11111111,64.25925926,4.49857434,4.616586255,4.358132314,4.17836794,4.48738715,4.606650571,4.345247383,4.162925826
margin,7,b,n,45,45,50,40,77.52148148,96.11296296,97.55925926,116.5451852,1040.833333,1106.388889,1115.432099,877.7777778,1146.111111,1195.277778,1230.864198,968.3950617,9.185651963,7.436672089,9.378134403,9.357470678,0.407407407,0.271604938,0.358024691,0.765432099,8.861234761,9.854590959,9.92770161,10.84182573,6.948737261,7.009760171,7.017893253,6.778532053,7.045001984,7.086970163,7.116283909,6.876672229,0.341749294,0.240279834,0.306031211,0.568395476,2.32098006,2.132587929,2.339701132,2.337708064,90.90909091,75,65.51724138,79.03225806,4.350555078,4.565524197,4.580459981,4.758279053,65.3800779,48.59041893,40.93275915,52.21571148,5.270424778,4.264840072,5.381187364,5.369295619,0.006,0.0033,0.0038,0.0098,-4.96184513,-5.449140256,-5.339139361,-4.528209145,105.2777778,88.88888889,115.4320988,90.61728395,4.666056212,4.49857434,4.75730826,4.517619943,4.65660236,4.48738715,4.748682468,4.506644967
margin,7,c,l,60,70,22,35,115.7387654,138.4237037,29.83869959,90.60534979,1374.444444,1610,383.3703704,815.5864198,1497.407407,1778.950617,421.1234568,887.7469136,8.211723967,9.497206704,8.964850048,8.128498418,0.487654321,0.561728395,0.419753086,0.808641975,10.80457151,11.80778149,5.553260267,9.571068373,7.22653219,7.384610383,5.951606594,6.705132749,7.312158095,7.4843409,6.045297823,6.789812508,0.397200598,0.445793153,0.350482974,0.592576274,2.220477017,2.351109194,2.299063906,2.211401214,97.46835443,68.13186813,77.94117647,40.45801527,4.751335629,4.930319298,3.395806195,4.50651326,77.08015184,42.94681186,51.20679189,23.86484018,4.71027914,5.449716706,5.143390255,4.66243442,0.0077,0.0062,0.0053,0.0053,-4.744432253,-4.933674253,-5.067205646,-5.067205646,122.962963,168.9506173,37.75308642,72.16049383,4.819982835,5.135507908,3.657210402,4.292655573,4.811883196,5.129606467,3.631067232,4.278892719
margin,8,a,n,35,25,24,44,84.12185185,60.48148148,110.0570123,66.10538272,704.537037,544.7530864,519.1111111,911.5061728,774.3209877,602.4691358,569.9259259,1009.82716,9.012276786,9.579918033,8.916038472,9.736417429,1.635802469,0.203703704,0.358024691,0.481481481,9.226150435,7.841012784,10.53835909,8.191787517,6.558959267,6.302166651,6.254042464,6.81619485,6.653277121,6.402694897,6.347259474,6.918524245,0.969187678,0.185403223,0.306031211,0.393042588,2.303812019,2.358957679,2.294153494,2.373641461,,51.51515152,58.62068966,96.15384615,4.432266365,4.102337227,4.700998526,4.191250176,,31.0076092,35.88832787,74.05769394,5.17067424,5.497323918,5.115310811,5.587412711,,0.0017,0.0034,0.0075,,-5.914503506,-5.426150738,-4.767689115,69.78395062,57.71604938,50.81481481,98.32098765,4.259632289,4.072713103,3.947676109,4.598356905,4.245404049,4.055535287,3.928187942,4.588237511
margin,8,b,l,31,22,12,16,67.71471605,32.89841975,26.2962963,36.04345679,512.2654321,352.2716049,260.5185185,245.3333333,577.7098765,389.617284,283.4814815,269.9259259,11.32825439,9.585221331,8.100339692,9.110867179,0.709876543,0.481481481,0.37037037,0.450617284,8.289434001,5.822234945,5.224585754,6.086333608,6.240793123,5.86723718,5.566505098,5.506685632,6.360801275,5.967728267,5.65066816,5.601845447,0.536421171,0.393042588,0.315081047,0.371989179,2.511893733,2.359458814,2.208311742,2.313610804,,83.33333333,,57.53424658,4.215303528,3.493424625,3.269428104,3.584725344,,56.44273791,,35.12364848,6.504580203,5.500376534,4.646247266,5.227395781,,0.0065,,0.0042,,-4.892852258,,-5.259096653,65.44444444,37.34567901,22.96296296,24.59259259,4.196366177,3.646641849,3.176509428,3.242302958,4.181201606,3.620217216,3.133882612,3.202445283
margin,8,c,s,65,25,36,25,144.6033333,44.25082305,67.36059259,19.76604938,1646.666667,513.2716049,795.1111111,520.6790123,1750.58642,566.8209877,882.4444444,577.0061728,5.936282375,9.447318268,9.896751448,9.761968441,0.345679012,0.302469136,0.425925926,0.851851852,12.06662063,6.7268732,8.26804648,4.556978098,7.407115425,6.24275154,6.679738763,6.25705248,7.468277182,6.341806206,6.783828409,6.359584548,0.296898728,0.264261798,0.354821375,0.616186139,1.93676595,2.34634532,2.388464713,2.376018479,,85.71428571,63.76811594,55.07246377,4.973994362,3.789873971,4.210060167,2.983965788,,58.99733069,39.61915938,33.41676858,3.40324294,5.421003611,5.679723279,5.602122448,,0.0042,0.0044,0.0076,,-5.259096653,-5.221356325,-4.755993076,103.9197531,53.54938272,87.33333333,56.32716049,4.653195802,3.999106396,4.481117537,4.048774517,4.643618996,3.98060427,4.469732215,4.031176843
margin,9,a,n,40,60,75,54,65.98617284,128.571358,205.067284,130.7977778,748.3950617,1587.777778,1811.111111,1204,815.5555556,1742.222222,1991.666667,1319.666667,8.234937935,8.864795918,9.065550907,8.764839606,0.703703704,0.99382716,1.308641975,1.740740741,8.1845081,11.38294154,14.35504385,11.48032133,6.619266297,7.370720306,7.502247804,7.094234846,6.705094951,7.463490531,7.597229054,7.185891939,0.53280453,0.690055988,0.836659462,1.008228227,2.222993893,2.288972452,2.309118792,2.278788139,71.92982456,57.76397516,56.13207547,55.31914894,4.189445218,4.856484066,5.32333814,4.873652449,45.9966115,35.2847358,34.14721487,33.58626756,4.723624976,5.085834244,5.201323551,5.028339639,0.0082,0.0093,0.0119,0.0156,-4.688551795,-4.575611384,-4.350527968,-4.098352584,67.16049383,154.4444444,180.5555556,115.6666667,4.221865128,5.046288397,5.201561698,4.759320866,4.207085185,5.039834449,5.196038517,4.750712491
margin,9,b,s,48,59,57,39,102.0717037,143.7706173,133.5676543,92.91533333,1048.888889,1457.154321,1303.259259,818.2777778,1147.851852,1576.246914,1438.018519,903.9814815,8.621579763,7.555452865,9.371176902,9.48069241,0.061728395,0.716049383,0.172839506,0.679012346,10.15242354,12.03206621,11.60032992,9.690992381,6.956439617,7.284926751,7.173390541,6.708423193,7.046518333,7.363436146,7.271716576,6.807914481,0.059898142,0.540024778,0.159427737,0.518205731,2.264008468,2.146568842,2.339030507,2.349534746,,56.89655172,,59.09090909,4.625675544,4.968219094,4.894608123,4.531688684,,34.67814888,,36.22157721,4.945945795,4.333088522,5.377183373,5.440211817,0.0023,0.0066,,0.0065,-5.713832811,-4.879607032,,-4.892852258,98.96296296,119.0925926,134.7592593,85.7037037,4.604799747,4.78826305,4.910883165,4.462496601,4.594745669,4.77990128,4.903489922,4.450896042
margin,9,c,l,48,80,21,29,59.87140741,163.8785185,41.90753086,67.66738272,1089.481481,1828.641975,453.5740741,596.1111111,1190.814815,1970.864198,494.537037,663.0617284,8.509579497,7.216236532,8.283093054,10.09719222,0.697530864,0.62345679,0.240740741,0.345679012,7.802013036,12.84050305,6.550384024,8.286578469,6.994374604,7.511875585,6.11936088,6.392103212,7.083232479,7.586734667,6.205642098,6.49837511,0.529174762,0.484557697,0.215708573,0.296898728,2.252299659,2.106112261,2.228194794,2.406692124,69.02654867,54.45544554,48.71794872,71.42857143,4.092199052,5.099125413,3.735465545,4.214604272,43.65116499,32.9942498,29.15539005,45.58472991,4.881537599,4.138199326,4.751310435,5.795145712,0.0078,0.0055,0.0019,0.004,-4.733003557,-5.035953102,-5.843044542,-5.298317367,101.3333333,142.2222222,40.96296296,66.95061728,4.628235459,4.964397426,3.736787395,4.218781225,4.618415413,4.95739078,3.712668316,4.203955292
pool,1,a,n,76,125,143,125,114.2264362,256.4984568,283.2812346,246.4547325,1920.17284,3359.567901,4189.37037,3860.339506,2107.358025,3621.91358,4609.54321,4173.611111,8.882457703,7.243289305,9.115281501,7.506008504,0.401234568,1.561728395,3.271604938,2.308641975,10.73435775,16.04675845,16.86064158,15.73069396,7.560691132,8.119865257,8.340544403,8.258769425,7.653664736,8.195033838,8.436100962,8.336776486,0.337353682,0.940682185,1.45198962,1.196537826,2.290761236,2.109399452,2.3140473,2.140772797,100,60.4743083,48.30188679,54.27807487,4.738182761,5.547122648,5.646440166,5.507178336,90.00007602,37.21038802,28.88277976,32.87316561,5.095993787,4.153740105,5.229935571,4.304678291,0.0076,0.0153,0.0256,0.0203,-4.755993076,-4.116590171,-3.626844063,-3.849048206,187.1851852,262.345679,420.1728395,313.2716049,5.237426506,5.573467538,6.043043295,5.750257596,5.232098422,5.56966302,6.040666149,5.747070562
pool,1,b,s,80,142,144,105,131.4814815,352.0816955,236.288,256.9674074,2186.666667,3457.08642,3885.333333,2978.240741,2395.555556,3790.17284,4248.888889,3249.166667,8.719851577,8.788159112,8.556485356,8.338320367,0.265432099,1.796296296,2.635802469,1.561728395,11.51006001,18.79046821,15.40415528,16.06136381,7.690590806,8.148470657,8.265221404,7.999423762,7.7817878,8.240430707,8.354648118,8.086461556,0.235413644,1.02829579,1.290829848,0.940682185,2.274170348,2.281173401,2.257220019,2.234126404,83.72093023,53.60824742,54.80093677,63.24110672,4.878866016,5.863863238,5.4650514,5.548949257,56.8466396,32.41737935,33.23058224,39.2282647,5.002464305,5.041752501,4.908511079,4.783063226,0.0036,0.0156,0.0234,0.016,-5.381698975,-4.098352584,-3.713172147,-4.074541935,208.8888889,333.0864198,363.5555556,270.9259259,5.34657829,5.811399701,5.898678956,5.605529698,5.341802478,5.808401975,5.89593212,5.601845447
pool,1,c,l,77,150,86,76,156.3831975,309.7703704,188.3060247,37.97185185,1893.154321,3293.518519,2157.432099,2320.580247,2054.283951,3612.037037,2381.45679,5127.185185,7.84359093,8.81825173,9.407044137,54.73968341,0.75308642,1.456790123,1.450617284,0.450617284,12.54524601,17.62868034,13.75885259,6.242743936,7.546527749,8.100015311,7.677137357,7.750003374,7.628169293,8.192303982,7.775887499,8.542507111,0.561377903,0.89885567,0.896339945,0.371989179,2.179693008,2.284243075,2.342482898,4.020692342,47.54098361,52.96610169,59.57446809,58.90410959,5.05230939,5.735831282,5.23806843,3.636845145,28.38606174,31.98258098,36.56576782,36.08902143,4.498671209,5.059061516,5.397824988,33.18863559,0.0058,0.0125,0.014,0.0043,-4.990832667,-4.305065594,-4.199705078,-5.240048458,161.1296296,318.5185185,224.0246914,2806.604938,5.088396198,5.766815233,5.416210136,7.940087064,5.082209194,5.763680616,5.411756275,7.939730825
pool,2,a,s,90,179,56,115,148.1007407,404.2821811,109.1354733,239.7082716,2090,5277.185185,1689.679012,3290.987654,2271.666667,5745.679012,1841.08642,3574.938272,7.997065297,8.153846154,8.223807736,7.942811755,0.913580247,1.481481481,0.469135802,2.037037037,12.21068142,20.13162142,10.49454493,15.51477591,7.645397699,8.571337603,7.43288551,8.099246812,7.728709164,8.656377404,7.518654132,8.181982874,0.648975962,0.908855753,0.384674338,1.110882381,2.196898446,2.214174136,2.221787939,2.190850054,51.35135135,56.66666667,38.15789474,56.06060606,4.997892723,6.002113102,4.692589984,5.479422649,30.89817392,34.518137,22.43153958,34.09775004,4.586882745,4.677005985,4.717226132,4.55569853,0.0076,0.0136,0.0029,0.0185,-4.755993076,-4.22673375,-5.546778726,-3.937340813,181.6666667,468.4938272,151.4074074,283.9506173,5.207662998,6.151655151,5.026557247,5.652315893,5.202173506,6.149522926,5.019974266,5.64880034
pool,2,b,l,75,115,116,124,154.162037,241.7915226,215.4239342,186.0796049,1820.833333,2724.506173,3273.061728,3426.074074,1969.444444,2985.030864,3578.814815,3777.407407,7.54583921,8.727705113,8.543417367,9.300911854,1.00617284,1.197530864,2.030864198,3.302469136,12.45640546,15.58176892,14.71135392,13.67770467,7.507598599,7.910409441,8.093786612,8.139462136,7.586014403,8.001700314,8.18306635,8.237057879,0.696228847,0.787334396,1.108847793,1.459189076,2.145444522,2.274978012,2.255851636,2.332232421,71.7791411,59.27835052,58.66261398,76.07476636,5.038004238,5.488075878,5.372607873,5.226174566,45.87247375,36.35481469,35.91798293,49.5301965,4.327564529,5.006981274,4.900996149,5.336747824,0.0117,0.0115,0.0193,0.0407,-4.366153286,-4.382026635,-3.897134393,-3.17725415,148.6111111,260.5246914,305.7530864,351.3333333,5.008039335,5.566528701,5.726043145,5.864577697,5.001332901,5.562697641,5.722777869,5.86173544
pool,2,c,n,66,113,132,56,125.6542222,229.5304362,262.1074568,116.2857284,1589.296296,2691.074074,3639.777778,1598.765432,1754.703704,2925.444444,3951.037037,1737.037037,9.426514976,8.011444921,7.877912972,7.960199005,0.364197531,0.722222222,2.172839506,0.574074074,11.2540758,15.18322878,16.22058744,10.82985357,7.371675628,7.898067207,8.199952613,7.377612293,7.470625026,7.981543465,8.281986431,7.460511616,0.310566366,0.543615447,1.15462693,0.45366721,2.344352079,2.198495427,2.183566504,2.192792437,69.49152542,64.95726496,44.88636364,68.8172043,4.833533866,5.43603564,5.56875456,4.756050338,44.02050163,40.50942345,26.67082192,43.48562058,5.40903076,4.595148189,4.518397347,4.565692342,0.0041,0.0076,0.0158,0.0064,-5.278514739,-4.755993076,-4.086376393,-4.906275279,165.4074074,234.3703704,311.2592593,138.2716049,5.114439043,5.461160318,5.743833802,4.936426019,5.108411566,5.456902643,5.740626196,4.929219903
pool,3,a,l,82,147,68,56,174.3245761,288.3704444,88.99017284,98.95822222,1788.814815,3424.555556,1869.160494,1410.197531,1955.345679,3758.481481,2019.851852,3097.283951,8.516696868,8.884596813,7.460515378,54.46986607,0.679012346,1.925925926,0.419753086,1.111111111,13.2410187,17.01089194,9.48631503,9.997910893,7.489867438,8.139018944,7.533779532,7.252193936,7.578833562,8.232036323,7.61127441,8.038603673,0.518205731,1.073610986,0.350482974,0.747214402,2.253047821,2.290977668,2.135410091,4.01583992,43.63636364,53.52564103,51.47058824,57.22222222,5.160918942,5.664245919,4.488525946,4.594697763,25.87211782,32.36132953,30.97782395,34.90536338,4.885630413,5.097224273,4.278539337,33.00410144,0.0048,0.0167,0.0035,0.0103,-5.149897361,-4.034190639,-5.403677882,-4.482952553,166.5308642,333.9259259,150.691358,1687.08642,5.121167598,5.813909391,5.021847917,7.43135087,5.115180663,5.81091919,5.015233758,7.430758308
pool,3,b,n,72,140,137,120,193.4565926,298.4454321,214.3542593,274.7437037,1763.555556,3425.679012,3890.969136,3314.814815,1948,3750.617284,4239.388889,3632.592593,9.468400639,8.66359447,8.218631558,8.747960848,0.265432099,2.345679012,2.901234568,2.104938272,13.94476936,17.30449167,14.67495347,16.60553232,7.475654128,8.139346853,8.266670513,8.106458669,7.5750717,8.229942302,8.352410263,8.197977133,0.235413644,1.207669666,1.361293059,1.132993835,2.348361257,2.268365677,2.221226606,2.277058119,58.13953488,40,51.06382979,58.35777126,5.26505316,5.698587109,5.367630063,5.615838677,35.54877403,23.57819839,30.70638174,35.70260551,5.43313732,4.970108881,4.714250325,5.018631525,0.0025,0.0152,0.024,0.0199,-5.65499231,-4.122744037,-3.688879454,-3.86800612,184.4444444,324.9382716,348.4197531,317.7777778,5.222755346,5.786708013,5.85627393,5.764494239,5.217348304,5.783635231,5.85340794,5.761352326
pool,3,c,s,76,139,108,121,156.5062058,282.0178436,190.848,254.1239012,1889.679012,3540.209877,3157.333333,3111.641975,2061.851852,3877.41358,3483.333333,3405.925926,8.35039818,8.696614295,9.358851675,8.640350877,0.691358025,1.358024691,1.413580247,1.259259259,12.55014764,16.82313418,13.85092055,15.97259845,7.544691309,8.172223721,8.057799741,8.043227154,7.631844698,8.263181478,8.156032009,8.133565676,0.525531771,0.857824273,0.881111225,0.815036998,2.235418928,2.271776783,2.337841388,2.265957506,58.92857143,55.90909091,65.93886463,56.37254902,5.053095663,5.641970344,5.2514773,5.537821948,36.10636719,33.99298005,41.25329898,34.31386279,4.790007528,4.989099541,5.37009036,4.956741145,0.0066,0.0123,0.0151,0.0115,-4.879607032,-4.319991244,-4.128936007,-4.382026635,172.1728395,337.2037037,326,294.2839506,5.154290168,5.823648388,5.789960171,5.687937438,5.148498853,5.82068721,5.786897381,5.68454512
pool,4,a,n,78,164,121,120,183.8251358,361.3952593,201.093037,234.4577778,1967.333333,4223.506173,3837.641975,3384.444444,2141.148148,4642.617284,4220.808642,3662.962963,8.117832246,9.027474924,9.078039285,7.60364004,0.351851852,1.12345679,2.080246914,2.067901235,13.59504085,19.03668194,14.21594306,15.34463352,7.58494244,8.348657651,8.252873931,8.127240475,7.669564412,8.443248929,8.348018903,8.206300617,0.301475395,0.753045322,1.125009761,1.120993691,2.210232084,2.305328818,2.310358728,2.152185374,71.92982456,61.53846154,51.63204748,54.32835821,5.213984957,5.88997226,5.303767672,5.45727552,45.9966115,37.97990453,31.08578453,32.9074753,4.656302886,5.17941778,5.208508497,4.360777413,0.0041,0.0112,0.0174,0.0182,-5.278514739,-4.406319327,-3.995404614,-3.952845,173.8148148,419.1111111,383.1666667,278.5185185,5.163727213,6.040519227,5.951076486,5.633068546,5.15799045,6.038136066,5.948470056,5.629484551
pool,4,b,s,80,135,130,97,182.0872428,224.1233333,288.2190947,205.7597531,2066.17284,3454.166667,4249.074074,2336.981481,2241.481481,3791.666667,4582.901235,2545.950617,7.82110597,8.901098901,7.284188408,8.207902164,0.179012346,1.148148148,1.432098765,1.271604938,13.53097346,15.00411055,17.00644274,14.37914299,7.633937175,8.147625974,8.354691691,7.757043221,7.715338336,8.240824657,8.430305712,7.842652086,0.164677093,0.764606145,0.888754574,0.820486603,2.177147256,2.292645751,2.114348687,2.220062046,96.55172414,61.82795699,53.87931034,57.76699029,5.204485928,5.412196496,5.663720936,5.326709241,74.9098781,38.19064037,32.60154544,35.28685216,4.485748567,5.10671689,4.177235651,4.708081989,0.0028,0.0115,0.0125,0.0119,-5.572754212,-4.382026635,-4.305065594,-4.350527968,175.308642,337.5,333.8271605,208.9691358,5.172236107,5.824524092,5.81361446,5.346960548,5.166548089,5.82156551,5.810623375,5.342186565
pool,4,c,l,79,145,10,30,162.3147654,249.4525103,18.98592593,46.07111111,1869.666667,12438.67284,196.5432099,625.9259259,2065.216049,12736.7284,213.1481481,684.0740741,9.468713105,2.340126493,7.790327252,8.500270709,0.209876543,0.99382716,0.216049383,0.660493827,12.77946656,15.82569146,4.470562149,6.860838951,7.534050153,9.428646067,5.285957345,6.440828393,7.633474218,9.452323608,5.366668057,6.52952697,0.190518324,0.690055988,0.195607394,0.507115044,2.348391105,1.206008679,2.173651941,2.251320294,79.41176471,45.34161491,34.28571429,64.48598131,5.089537447,5.519268558,2.943697964,3.830186097,52.57203887,26.96309547,20.05105951,40.15519947,5.433317158,1.340917253,4.468059674,4.876184657,0.0027,0.0073,0.0012,0.0069,-5.599422459,-4.791499764,-6.119297919,-4.84089252,195.5493827,298.0555556,16.60493827,58.14814815,5.280913711,5.700629361,2.868179446,4.080045282,5.275812945,5.697279897,2.809700137,4.062994032
pool,5,a,l,79,135,49,47,155.4824033,222.6244444,100.1608395,78.41263374,1925.259259,3344.166667,1081.932099,1303.524691,2104.716049,3602.5,1455.481481,1408.549383,8.526413346,7.170946102,25.66500416,7.45623069,0.450617284,1.62962963,2.12962963,0.598765432,12.50929268,14.95407785,10.0578745,8.911376647,7.563335194,8.115271797,6.987427548,7.173594032,7.652410854,8.189660874,7.283778862,7.251025346,0.371989179,0.966843011,1.140914668,0.469231726,2.254068293,2.100584704,3.283352,2.134903529,64.38356164,55.3030303,50.43478261,55.67010309,5.046532563,5.405486246,4.606777289,4.361985059,40.07846388,33.57518219,30.28809476,33.82798624,4.891217874,4.112182396,14.87139245,4.276077533,0.0047,0.0146,0.0174,0.0054,-5.167289104,-4.160484365,-3.995404614,-5.051457289,179.4567901,258.3333333,373.5493827,105.0246914,5.195491359,5.558114236,5.925723657,4.663672004,5.189934455,5.554250741,5.923050212,4.654195478
pool,5,b,s,82,125,35,160,152.3782716,260.6985597,69.15049383,290.0306173,2085.938272,3340.277778,998.1481481,4400.987654,2274.234568,3706.018519,1083.703704,4790.123457,8.27954596,9.86883198,7.894736842,8.12371134,0.240740741,0.907407407,0.197530864,0.709876543,12.38459816,16.17709985,8.375589163,17.05961949,7.643453329,8.114108581,6.906903064,8.389811458,7.729838433,8.217983199,6.989062145,8.474520205,0.215708573,0.645744942,0.180261824,0.536421171,2.227812619,2.385899242,2.185459736,2.210876667,48.71794872,59.18367347,53.125,54.7826087,5.026366058,5.563364796,4.236285199,5.669986494,29.15539005,36.28748774,32.08997836,33.21802897,4.749271093,5.663647892,4.528066839,4.659682523,0.0019,0.0087,0.0017,0.0063,-5.843044542,-4.635629393,-5.914503506,-4.919880931,188.2962963,365.7407407,85.55555556,389.1358025,5.243313493,5.90465517,4.460786469,5.96649489,5.238016766,5.901924724,4.449165938,5.963928389
pool,5,c,n,70,150,119,105,174.5635802,392.2092593,263.2750123,236.9033333,1860.617284,3917.592593,3511.234568,2809.074074,2022.654321,4246.296296,3843.993827,3075.462963,8.011108737,7.74095072,8.656602331,8.66174921,6.604938272,1.345679012,1.75308642,1.018518519,13.25004076,19.82950477,16.25653753,15.42411532,7.529200896,8.273487836,8.164007743,7.940966123,7.612660226,8.354037894,8.254527277,8.031535827,2.028797809,0.852574917,1.012722617,0.702363836,2.19845812,2.168018962,2.267641861,2.268174709,,55.04587156,72.18309859,53.93939394,5.162289032,5.971795522,5.57319916,5.467652182,,33.39851668,46.20589669,32.64241877,4.594954949,4.439683289,4.96608757,4.969047635,0.0099,0.012,0.0205,0.0089,-4.51899249,-4.342805922,-3.839702344,-4.615220522,162.037037,328.7037037,332.7592593,266.3888889,5.093977396,5.798194384,5.810419952,5.588704111,5.087824933,5.795156748,5.807419283,5.584957229
pool,6,a,s,70,130,110,98,135.2944444,437.9122222,223.758107,297.0464691,1657.530864,3128.024691,3215.802469,2463.308642,1810.925926,3384.814815,3477.901235,2699.839506,8.470532093,7.586533902,7.536118704,8.760923146,0.413580247,0.808641975,2.487654321,1.049382716,11.67452117,20.95023203,14.99193473,17.26402239,7.413687468,8.048476635,8.076143123,7.809666577,7.502145606,8.12734987,8.154471786,7.901317932,0.346125668,0.592576274,1.249229396,0.717538634,2.248185093,2.150195151,2.14430642,2.278386981,68.65671642,57.2519084,51.61290323,57.64705882,4.907453473,6.082018484,5.410565589,5.693888588,43.35901733,34.92610612,31.07297722,35.2027133,4.859083995,4.350947918,4.321979181,5.026087006,0.0046,0.0075,0.0208,0.0098,-5.184988681,-4.767689115,-3.825845309,-4.528209145,153.3950617,256.7901235,262.0987654,236.5308642,5.039514653,5.552145779,5.572529496,5.47029757,5.033016696,5.548259111,5.5687214,5.466078703
pool,6,b,l,80,166,73,67,161.8449383,222.3334321,130.748107,145.1765926,2052.345679,3918.419753,1814.185185,1744.895062,2256.790123,4334.444444,1969.648148,1922.320988,9.059080963,9.598108747,7.892930679,9.229776248,1.216049383,2.308641975,0.851851852,0.382716049,12.7610712,14.94434449,11.47815782,12.09035122,7.62722578,8.2736989,7.503942772,7.465022632,7.722141792,8.374579409,7.586117777,7.561808652,0.795726053,1.196537826,0.616186139,0.324049717,2.308475805,2.360675565,2.185256655,2.325302708,60.91370558,58.02139037,60.86956522,79.03225806,5.086638706,5.404178201,4.873272625,4.977950881,37.5271643,35.46561885,37.49528144,52.21571148,5.197601227,5.507794688,4.527028743,5.295814009,0.012,0.0217,0.0084,0.0049,-4.342805922,-3.785390354,-4.66704559,-5.132802928,204.4444444,416.0246914,155.462963,177.4259259,5.325175654,6.033145432,5.052819324,5.184173534,5.320296273,6.030744613,5.046407523,5.178553203
pool,6,c,n,77,142,139,135,227.9941481,297.9791111,270.2400247,292.7566667,1684.969136,1288.518519,3331.709877,3411.666667,2113.697531,4019.82716,3684.358025,3555.833333,20.28333708,67.94592237,9.571495109,4.054370752,5.061728395,0.734567901,2.080246914,2.197530864,15.1325526,17.29101244,16.46936625,17.13933099,7.430095832,7.162024186,8.111541029,8.135249278,7.65666707,8.299242922,8.212122957,8.176625915,1.801994973,0.550758334,1.125009761,1.162378907,3.05792447,4.233322464,2.358161238,1.620253364,,,,,5.429319963,5.697023387,5.599310544,5.679341775,,,,,11.70270584,42.80143547,5.492475655,2.323622178,,,,,,,,,428.7283951,2731.308642,352.6481481,144.1666667,6.06315337,7.912902187,5.868302487,4.977882508,6.060823607,7.912536129,5.865470812,4.970970038
pool,7,a,l,71,126,55,71,144.8820741,255.3475556,94.45921811,156.706642,1709.259259,3027.888889,1313.888889,1814.006173,1880.185185,3331.222222,1423.888889,1975.728395,9.090909091,9.105766986,7.725321888,8.185448092,0.419753086,1.932098765,0.351851852,0.62962963,12.07816518,16.01085743,9.770323337,12.55813051,7.444400252,8.015951128,7.181507446,7.503844148,7.539657275,8.111394694,7.261849117,7.589198431,0.350482974,1.075718469,0.301475395,0.488352768,2.311634929,2.31310625,2.16622936,2.217620503,26.47058824,48.56230032,49.12280702,75.49019608,4.975920129,5.54262558,4.548168187,5.054375535,15.34948998,29.05332249,29.42135592,49.01684546,5.215912976,5.224461385,4.430701725,4.695173306,0.0018,0.0152,0.0028,0.0077,-5.878135862,-4.122744037,-5.572754212,-4.744432253,170.9259259,303.3333333,110,161.7222222,5.147063721,5.718123592,4.709530201,5.092044589,5.141230281,5.714832311,4.700480366,5.085880186
pool,7,b,n,65,132,130,105,137.956214,295.9700741,230.1802469,300.0407407,1608.148148,3386.37037,3265.246914,2622.407407,1766.635802,3660.962963,3559.753086,2894.62963,8.97115603,7.500556421,8.273219116,9.404388715,0.481481481,0.888888889,1.660493827,4.74691358,11.78796904,17.23281968,15.20461269,17.35052566,7.383460217,8.127809197,8.091396872,7.872229289,7.477398228,8.205754611,8.177727343,7.970957855,0.393042588,0.635988767,0.978511755,1.748662942,2.299696528,2.140131623,2.227130581,2.342227709,65.38461538,56.25,42.75092937,84.00520156,4.926936345,5.690258348,5.438862684,5.703918268,40.83225151,34.22889524,25.30961858,57.14566102,5.147017937,4.301545644,4.745633596,5.396296766,0.0051,0.0081,0.0115,0.0646,-5.099466508,-4.699480865,-4.382026635,-2.724179583,158.4876543,274.5925926,294.5061728,272.2222222,5.071966517,5.618923661,5.688689726,5.610285465,5.0656767,5.615288518,5.685299963,5.606618726
pool,7,c,s,61,132,80,105,148.6441975,302.2952099,163.6681481,157.8128395,1442.160494,3224.222222,2200,2853.148148,1570.185185,3476.814815,2406.91358,3148.703704,8.153477218,7.265057417,8.596635207,9.386578839,0.475308642,1.75308642,1.154320988,1.080246914,12.23291451,17.4153728,12.83230876,12.60209663,7.274590775,8.078757133,7.696667082,7.956528706,7.359585509,8.154159449,7.786515917,8.055063665,0.388867217,1.012722617,0.767475587,0.732486595,2.214133831,2.112036678,2.261412538,2.340514476,76.62337662,50.70422535,45.98930481,62.85714286,5.001555514,5.711404056,5.097840891,5.061409771,50.01692079,30.46704152,27.38022944,38.94483649,4.676793894,4.166245272,4.931600345,5.386047111,0.0059,0.0144,0.0086,0.011,-4.976233867,-4.17338777,-4.645992181,-4.422848629,128.0246914,252.5925926,206.9135802,295.5555556,4.860003792,5.535729013,5.337122514,5.692234572,4.852223147,5.531777885,5.332301219,5.688856824
pool,8,a,n,78,155,140,116,187.745037,323.3567901,298.1181893,314.4592922,1859,4108.45679,2602.098765,2869.925926,2037.148148,4508.395062,4446.296296,3113.382716,8.744977547,8.870967742,41.47716229,7.819687213,0.456790123,1.462962963,1.672839506,1.25308642,13.73845104,18.00990811,17.29503366,17.76117373,7.528331767,8.321046131,7.864457847,7.962389879,7.619796904,8.413918291,8.400051617,8.043786247,0.37623547,0.901365082,0.983141393,0.812301018,2.276752029,2.289597897,3.748966574,2.176986406,67.56756757,65.40084388,40.5904059,48.27586207,5.235084856,5.778756327,5.697490016,5.750854631,42.50667821,40.84454173,23.94781277,28.8657518,5.016915642,5.089384428,24.50495602,4.48493318,0.005,0.0155,0.011,0.0098,-5.11599581,-4.104394898,-4.422848629,-4.528209145,178.1481481,399.9382716,1844.197531,243.4567901,5.188213107,5.993807479,7.520341614,5.499038566,5.182615497,5.991310214,7.519799519,5.494939473
pool,8,b,l,74,135,35,26,168.6469136,272.0877778,75.81806584,61.9891358,1886.08642,3608.333333,786.8518519,562.8518519,2072,3920.833333,865.9259259,615.0123457,8.972663139,7.970244421,9.131736527,8.481210856,0.37654321,2.475308642,0.333333333,0.697530864,13.02485753,16.5253677,8.764591596,7.936569524,7.542789342,8.191278362,6.669310067,6.334791543,7.636752112,8.274314511,6.764953536,6.423267005,0.319575436,1.245683293,0.287682072,0.529174762,2.299847664,2.193912924,2.315672728,2.249312036,50.81967213,40.89775561,46.2962963,63.71681416,5.127807261,5.606124727,4.3283366,4.126959141,30.54381453,24.14064303,27.57849128,39.58101104,5.147884944,4.571466292,5.2394031,4.865224577,0.0031,0.0164,0.0025,0.0072,-5.496768305,-4.051285073,-5.65499231,-4.803621125,185.9135802,312.5,79.07407407,52.16049383,5.230646372,5.74779936,4.382952132,3.973315523,5.225281943,5.744604469,4.37038506,3.954325385
pool,8,c,s,80,151,135,95,161.3774486,380.9263951,247.5533333,150.0554321,1866.666667,3620.271605,3444.166667,2679.938272,2053.82716,3922.271605,3802.5,2960.246914,9.112767492,7.699619772,9.423624808,9.469096672,0.24691358,0.709876543,0.882716049,1.672839506,12.74274101,19.54293722,15.76557431,12.29046102,7.532445159,8.194580515,8.144727562,7.893922114,7.627947017,8.274681178,8.243676974,7.993365713,0.220671362,0.536421171,0.632715441,0.983141393,2.313798734,2.16327932,2.344074846,2.348427743,90,62.60869565,41.95804196,65.68265683,5.083746022,5.942606168,5.511626047,5.011004773,64.15812143,38.76204446,24.80812142,41.05833025,5.228489129,4.415931491,5.407367411,5.433537918,0.0036,0.0072,0.006,0.0178,-5.381698975,-4.803621125,-4.96184513,-3.973898409,187.1604938,302,358.3333333,280.308642,5.237295289,5.713732806,5.884250463,5.639452437,5.231966505,5.710427017,5.881463652,5.635891289
pool,9,a,n,65,119,112,91,132.3346502,250.1321235,287.9409383,234.7656198,1592.901235,3073.432099,2684.54321,2175.012346,1731.32716,3359.91358,2968.691358,2396.895062,7.995365006,8.52645387,9.571495109,9.25708929,0.475308642,0.716049383,1.012345679,2.197530864,11.54706241,15.84714875,16.9982628,15.35466117,7.373939897,8.03087548,7.895638299,7.685249282,7.457220963,8.119968115,7.996213307,7.782346574,0.388867217,0.540024778,0.699301046,1.162378907,2.196709445,2.254072547,2.358161238,2.327969105,58.44155844,39.65517241,45.73170732,35.39325843,4.885333943,5.521989272,5.662755384,5.458587654,35.76174466,23.36280605,27.21414117,20.72805663,4.585905419,4.891241177,5.492475655,5.311530528,0.0045,0.0046,0.0075,0.0126,-5.203007187,-5.184988681,-4.767689115,-4.297685486,138.4259259,286.4814815,284.1481481,221.882716,4.937533463,5.661158446,5.653008863,5.406645696,4.930335352,5.657673897,5.649495751,5.402148936
pool,9,b,s,68,110,105,84,155.6483621,237.5139918,243.53,163.0650864,1728.54321,3172.345679,3003.518519,1594.962963,1893.08642,3448.024691,3271.851852,1775.925926,8.691796009,7.99527373,8.201267829,10.18978102,0.197530864,0.882716049,0.617283951,1.75308642,12.51592434,15.44389821,15.63745504,12.80878942,7.455612612,8.06254173,8.007872607,7.375232572,7.546491901,8.145846772,8.09341701,7.482640142,0.180261824,0.632715441,0.480748169,1.012722617,2.271279755,2.196699298,2.219341282,2.415000953,100,62.23776224,54,61.61971831,5.047599374,5.470226534,5.495240138,5.094149424,90.00007602,38.49000222,32.68366645,38.03899347,4.98632837,4.585852954,4.704267933,5.848470271,0.0045,0.0089,0.0054,0.0175,-5.203007187,-4.615220522,-5.051457289,-3.989984547,164.5432099,275.6790123,268.3333333,180.962963,5.109232248,5.622858034,5.59594977,5.203803166,5.10317321,5.61923719,5.592229989,5.198292386
pool,9,c,l,80,125,65,57,56.13382716,272.0570988,148.3637037,122.709037,1871.604938,3471.450617,1247.037037,1290.944444,2072.592593,3788.580247,1608.148148,1387.703704,9.697402907,8.370672098,22.45508982,6.972616633,0.438271605,1.351851852,0.358024691,0.407407407,7.558692159,16.52443944,12.22144442,11.12245643,7.535085756,8.152615853,7.129327226,7.163903684,7.637037934,8.240010539,7.383460217,7.236126004,0.363442118,0.85520304,0.306031211,0.341749294,2.370000993,2.237584822,3.155087521,2.076012749,59.15492958,55.70776256,65.51724138,68.18181818,4.02773861,5.606011966,4.999666717,4.809816,36.26705881,33.85396463,40.93275915,42.98592239,5.564952735,4.801664448,12.97648174,3.998262652,0.0042,0.0122,0.0038,0.0045,-5.259096653,-4.327538449,-5.339139361,-5.203007187,200.9876543,317.1296296,361.1111111,96.75925926,5.308206578,5.76245894,5.891951102,4.582507918,5.303243485,5.759310617,5.889185698,4.57222603
